\text version='5' \,,,,,,,,,,,,,,,,,,,,,,,,,,,,,,,,,,,,,,,,,
伝票日付,伝票番号,仕訳区分,管理仕訳区分,借方税計算モード,借方部門コード,借方部門名,借方科目コード,借方科目名,借方補助コード,借方補助名,借方税区分コード,借方税区分名,借方金額,借方消費税額,貸方税計算モード,貸方部門コード,貸方部門名,貸方科目コード,貸方科目名,貸方補助コード,貸方補助名,貸方税区分コード,貸方税区分名,貸方金額,貸方消費税額,摘要文,数字１,数字２,入力プログラム区分,配賦元税計算,配賦元集計方法,配賦元集計開始日付,配賦元集計終了日付,配賦元管理仕訳区分,配賦元部門コード,配賦元部門名,配賦元科目コード,配賦元科目名,配賦元補助コード,配賦元補助名,配賦元金額
20210731,,21,0,1,000,,5413,,2,,Q5,,1872316,0,1,0,,3120,,10005,,0,,561,0,確定05月配信【1】ﾄﾞｺﾓ ｽｺﾞ得(有名ｽﾀﾝﾌﾟ)　仕入,,,1,,,,,,,,,,,,
20210731,,21,0,1,,,,,,,,,,,1,0,,3120,,10009,,0,,10298,0,確定05月配信【1】ﾄﾞｺﾓ ｽｺﾞ得(有名ｽﾀﾝﾌﾟ)　仕入,,,1,,,,,,,,,,,,
20210731,,21,0,1,,,,,,,,,,,1,0,,3120,,10010,,0,,26213,0,確定05月配信【1】ﾄﾞｺﾓ ｽｺﾞ得(有名ｽﾀﾝﾌﾟ)　仕入,,,1,,,,,,,,,,,,
20210731,,21,0,1,,,,,,,,,,,1,0,,3120,,10013,,0,,4119,0,確定05月配信【1】ﾄﾞｺﾓ ｽｺﾞ得(有名ｽﾀﾝﾌﾟ)　仕入,,,1,,,,,,,,,,,,
20210731,,21,0,1,,,,,,,,,,,1,0,,3120,,10015,,0,,31830,0,確定05月配信【1】ﾄﾞｺﾓ ｽｺﾞ得(有名ｽﾀﾝﾌﾟ)　仕入,,,1,,,,,,,,,,,,
20210731,,21,0,1,,,,,,,,,,,1,0,,3120,,10017,,0,,187,0,確定05月配信【1】ﾄﾞｺﾓ ｽｺﾞ得(有名ｽﾀﾝﾌﾟ)　仕入,,,1,,,,,,,,,,,,
20210731,,21,0,1,,,,,,,,,,,1,0,,3120,,10018,,0,,14791,0,確定05月配信【1】ﾄﾞｺﾓ ｽｺﾞ得(有名ｽﾀﾝﾌﾟ)　仕入,,,1,,,,,,,,,,,,
20210731,,21,0,1,,,,,,,,,,,1,0,,3120,,10019,,0,,19659,0,確定05月配信【1】ﾄﾞｺﾓ ｽｺﾞ得(有名ｽﾀﾝﾌﾟ)　仕入,,,1,,,,,,,,,,,,
20210731,,21,0,1,,,,,,,,,,,1,0,,3120,,10020,,0,,61413,0,確定05月配信【1】ﾄﾞｺﾓ ｽｺﾞ得(有名ｽﾀﾝﾌﾟ)　仕入,,,1,,,,,,,,,,,,
20210731,,21,0,1,,,,,,,,,,,1,0,,3120,,10021,,0,,374,0,確定05月配信【1】ﾄﾞｺﾓ ｽｺﾞ得(有名ｽﾀﾝﾌﾟ)　仕入,,,1,,,,,,,,,,,,
20210731,,21,0,1,,,,,,,,,,,1,0,,3120,,10022,,0,,187,0,確定05月配信【1】ﾄﾞｺﾓ ｽｺﾞ得(有名ｽﾀﾝﾌﾟ)　仕入,,,1,,,,,,,,,,,,
20210731,,21,0,1,,,,,,,,,,,1,0,,3120,,10023,,0,,20783,0,確定05月配信【1】ﾄﾞｺﾓ ｽｺﾞ得(有名ｽﾀﾝﾌﾟ)　仕入,,,1,,,,,,,,,,,,
20210731,,21,0,1,,,,,,,,,,,1,0,,3120,,10024,,0,,13668,0,確定05月配信【1】ﾄﾞｺﾓ ｽｺﾞ得(有名ｽﾀﾝﾌﾟ)　仕入,,,1,,,,,,,,,,,,
20210731,,21,0,1,,,,,,,,,,,1,0,,3120,,10026,,0,,27336,0,確定05月配信【1】ﾄﾞｺﾓ ｽｺﾞ得(有名ｽﾀﾝﾌﾟ)　仕入,,,1,,,,,,,,,,,,
20210731,,21,0,1,,,,,,,,,,,1,0,,3120,,10033,,0,,43813,0,確定05月配信【1】ﾄﾞｺﾓ ｽｺﾞ得(有名ｽﾀﾝﾌﾟ)　仕入,,,1,,,,,,,,,,,,
20210731,,21,0,1,,,,,,,,,,,1,0,,3120,,10035,,0,,7489,0,確定05月配信【1】ﾄﾞｺﾓ ｽｺﾞ得(有名ｽﾀﾝﾌﾟ)　仕入,,,1,,,,,,,,,,,,
20210731,,21,0,1,,,,,,,,,,,1,0,,3120,,10039,,0,,20783,0,確定05月配信【1】ﾄﾞｺﾓ ｽｺﾞ得(有名ｽﾀﾝﾌﾟ)　仕入,,,1,,,,,,,,,,,,
20210731,,21,0,1,,,,,,,,,,,1,0,,3120,,10040,,0,,561,0,確定05月配信【1】ﾄﾞｺﾓ ｽｺﾞ得(有名ｽﾀﾝﾌﾟ)　仕入,,,1,,,,,,,,,,,,
20210731,,21,0,1,,,,,,,,,,,1,0,,3120,,10041,,0,,561,0,確定05月配信【1】ﾄﾞｺﾓ ｽｺﾞ得(有名ｽﾀﾝﾌﾟ)　仕入,,,1,,,,,,,,,,,,
20210731,,21,0,1,,,,,,,,,,,1,0,,3120,,10052,,0,,936,0,確定05月配信【1】ﾄﾞｺﾓ ｽｺﾞ得(有名ｽﾀﾝﾌﾟ)　仕入,,,1,,,,,,,,,,,,
20210731,,21,0,1,,,,,,,,,,,1,0,,3120,,10053,,0,,9361,0,確定05月配信【1】ﾄﾞｺﾓ ｽｺﾞ得(有名ｽﾀﾝﾌﾟ)　仕入,,,1,,,,,,,,,,,,
20210731,,21,0,1,,,,,,,,,,,1,0,,3120,,10059,,0,,2246,0,確定05月配信【1】ﾄﾞｺﾓ ｽｺﾞ得(有名ｽﾀﾝﾌﾟ)　仕入,,,1,,,,,,,,,,,,
20210731,,21,0,1,,,,,,,,,,,1,0,,3120,,10060,,0,,1310,0,確定05月配信【1】ﾄﾞｺﾓ ｽｺﾞ得(有名ｽﾀﾝﾌﾟ)　仕入,,,1,,,,,,,,,,,,
20210731,,21,0,1,,,,,,,,,,,1,0,,3120,,10061,,0,,17600,0,確定05月配信【1】ﾄﾞｺﾓ ｽｺﾞ得(有名ｽﾀﾝﾌﾟ)　仕入,,,1,,,,,,,,,,,,
20210731,,21,0,1,,,,,,,,,,,1,0,,3120,,10062,,0,,50366,0,確定05月配信【1】ﾄﾞｺﾓ ｽｺﾞ得(有名ｽﾀﾝﾌﾟ)　仕入,,,1,,,,,,,,,,,,
20210731,,21,0,1,,,,,,,,,,,1,0,,3120,,10063,,0,,374,0,確定05月配信【1】ﾄﾞｺﾓ ｽｺﾞ得(有名ｽﾀﾝﾌﾟ)　仕入,,,1,,,,,,,,,,,,
20210731,,21,0,1,,,,,,,,,,,1,0,,3120,,10064,,0,,374,0,確定05月配信【1】ﾄﾞｺﾓ ｽｺﾞ得(有名ｽﾀﾝﾌﾟ)　仕入,,,1,,,,,,,,,,,,
20210731,,21,0,1,,,,,,,,,,,1,0,,3120,,10065,,0,,1310,0,確定05月配信【1】ﾄﾞｺﾓ ｽｺﾞ得(有名ｽﾀﾝﾌﾟ)　仕入,,,1,,,,,,,,,,,,
20210731,,21,0,1,,,,,,,,,,,1,0,,3120,,10068,,0,,3183,0,確定05月配信【1】ﾄﾞｺﾓ ｽｺﾞ得(有名ｽﾀﾝﾌﾟ)　仕入,,,1,,,,,,,,,,,,
20210731,,21,0,1,,,,,,,,,,,1,0,,3120,,10069,,0,,5617,0,確定05月配信【1】ﾄﾞｺﾓ ｽｺﾞ得(有名ｽﾀﾝﾌﾟ)　仕入,,,1,,,,,,,,,,,,
20210731,,21,0,1,,,,,,,,,,,1,0,,3120,,10070,,0,,187,0,確定05月配信【1】ﾄﾞｺﾓ ｽｺﾞ得(有名ｽﾀﾝﾌﾟ)　仕入,,,1,,,,,,,,,,,,
20210731,,21,0,1,,,,,,,,,,,1,0,,3120,,10075,,0,,748,0,確定05月配信【1】ﾄﾞｺﾓ ｽｺﾞ得(有名ｽﾀﾝﾌﾟ)　仕入,,,1,,,,,,,,,,,,
20210731,,21,0,1,,,,,,,,,,,1,0,,3120,,10081,,0,,20221,0,確定05月配信【1】ﾄﾞｺﾓ ｽｺﾞ得(有名ｽﾀﾝﾌﾟ)　仕入,,,1,,,,,,,,,,,,
20210731,,21,0,1,,,,,,,,,,,1,0,,3120,,10084,,0,,3370,0,確定05月配信【1】ﾄﾞｺﾓ ｽｺﾞ得(有名ｽﾀﾝﾌﾟ)　仕入,,,1,,,,,,,,,,,,
20210731,,21,0,1,,,,,,,,,,,1,0,,3120,,10086,,0,,7302,0,確定05月配信【1】ﾄﾞｺﾓ ｽｺﾞ得(有名ｽﾀﾝﾌﾟ)　仕入,,,1,,,,,,,,,,,,
20210731,,21,0,1,,,,,,,,,,,1,0,,3120,,10090,,0,,3370,0,確定05月配信【1】ﾄﾞｺﾓ ｽｺﾞ得(有名ｽﾀﾝﾌﾟ)　仕入,,,1,,,,,,,,,,,,
20210731,,21,0,1,,,,,,,,,,,1,0,,3120,,10093,,0,,1497,0,確定05月配信【1】ﾄﾞｺﾓ ｽｺﾞ得(有名ｽﾀﾝﾌﾟ)　仕入,,,1,,,,,,,,,,,,
20210731,,21,0,1,,,,,,,,,,,1,0,,3120,,10096,,0,,748,0,確定05月配信【1】ﾄﾞｺﾓ ｽｺﾞ得(有名ｽﾀﾝﾌﾟ)　仕入,,,1,,,,,,,,,,,,
20210731,,21,0,1,,,,,,,,,,,1,0,,3120,,10098,,0,,5804,0,確定05月配信【1】ﾄﾞｺﾓ ｽｺﾞ得(有名ｽﾀﾝﾌﾟ)　仕入,,,1,,,,,,,,,,,,
20210731,,21,0,1,,,,,,,,,,,1,0,,3120,,10099,,0,,1497,0,確定05月配信【1】ﾄﾞｺﾓ ｽｺﾞ得(有名ｽﾀﾝﾌﾟ)　仕入,,,1,,,,,,,,,,,,
20210731,,21,0,1,,,,,,,,,,,1,0,,3120,,10102,,0,,1685,0,確定05月配信【1】ﾄﾞｺﾓ ｽｺﾞ得(有名ｽﾀﾝﾌﾟ)　仕入,,,1,,,,,,,,,,,,
20210731,,21,0,1,,,,,,,,,,,1,0,,3120,,10103,,0,,748,0,確定05月配信【1】ﾄﾞｺﾓ ｽｺﾞ得(有名ｽﾀﾝﾌﾟ)　仕入,,,1,,,,,,,,,,,,
20210731,,21,0,1,,,,,,,,,,,1,0,,3120,,10104,,0,,4493,0,確定05月配信【1】ﾄﾞｺﾓ ｽｺﾞ得(有名ｽﾀﾝﾌﾟ)　仕入,,,1,,,,,,,,,,,,
20210731,,21,0,1,,,,,,,,,,,1,0,,3120,,10110,,0,,561,0,確定05月配信【1】ﾄﾞｺﾓ ｽｺﾞ得(有名ｽﾀﾝﾌﾟ)　仕入,,,1,,,,,,,,,,,,
20210731,,21,0,1,,,,,,,,,,,1,0,,3120,,10113,,0,,374,0,確定05月配信【1】ﾄﾞｺﾓ ｽｺﾞ得(有名ｽﾀﾝﾌﾟ)　仕入,,,1,,,,,,,,,,,,
20210731,,21,0,1,,,,,,,,,,,1,0,,3120,,10116,,0,,15727,0,確定05月配信【1】ﾄﾞｺﾓ ｽｺﾞ得(有名ｽﾀﾝﾌﾟ)　仕入,,,1,,,,,,,,,,,,
20210731,,21,0,1,,,,,,,,,,,1,0,,3120,,10117,,0,,3370,0,確定05月配信【1】ﾄﾞｺﾓ ｽｺﾞ得(有名ｽﾀﾝﾌﾟ)　仕入,,,1,,,,,,,,,,,,
20210731,,21,0,1,,,,,,,,,,,1,0,,3120,,10118,,0,,46622,0,確定05月配信【1】ﾄﾞｺﾓ ｽｺﾞ得(有名ｽﾀﾝﾌﾟ)　仕入,,,1,,,,,,,,,,,,
20210731,,21,0,1,,,,,,,,,,,1,0,,3120,,10138,,0,,8051,0,確定05月配信【1】ﾄﾞｺﾓ ｽｺﾞ得(有名ｽﾀﾝﾌﾟ)　仕入,,,1,,,,,,,,,,,,
20210731,,21,0,1,,,,,,,,,,,1,0,,3120,,10140,,0,,23030,0,確定05月配信【1】ﾄﾞｺﾓ ｽｺﾞ得(有名ｽﾀﾝﾌﾟ)　仕入,,,1,,,,,,,,,,,,
20210731,,21,0,1,,,,,,,,,,,1,0,,3120,,10146,,0,,5429,0,確定05月配信【1】ﾄﾞｺﾓ ｽｺﾞ得(有名ｽﾀﾝﾌﾟ)　仕入,,,1,,,,,,,,,,,,
20210731,,21,0,1,,,,,,,,,,,1,0,,3120,,10150,,0,,9923,0,確定05月配信【1】ﾄﾞｺﾓ ｽｺﾞ得(有名ｽﾀﾝﾌﾟ)　仕入,,,1,,,,,,,,,,,,
20210731,,21,0,1,,,,,,,,,,,1,0,,3120,,10153,,0,,71712,0,確定05月配信【1】ﾄﾞｺﾓ ｽｺﾞ得(有名ｽﾀﾝﾌﾟ)　仕入,,,1,,,,,,,,,,,,
20210731,,21,0,1,,,,,,,,,,,1,0,,3120,,10174,,0,,35762,0,確定05月配信【1】ﾄﾞｺﾓ ｽｺﾞ得(有名ｽﾀﾝﾌﾟ)　仕入,,,1,,,,,,,,,,,,
20210731,,21,0,1,,,,,,,,,,,1,0,,3120,,10205,,0,,5055,0,確定05月配信【1】ﾄﾞｺﾓ ｽｺﾞ得(有名ｽﾀﾝﾌﾟ)　仕入,,,1,,,,,,,,,,,,
20210731,,21,0,1,,,,,,,,,,,1,0,,3120,,10210,,0,,8051,0,確定05月配信【1】ﾄﾞｺﾓ ｽｺﾞ得(有名ｽﾀﾝﾌﾟ)　仕入,,,1,,,,,,,,,,,,
20210731,,21,0,1,,,,,,,,,,,1,0,,3120,,10218,,0,,13855,0,確定05月配信【1】ﾄﾞｺﾓ ｽｺﾞ得(有名ｽﾀﾝﾌﾟ)　仕入,,,1,,,,,,,,,,,,
20210731,,21,0,1,,,,,,,,,,,1,0,,3120,,10219,,0,,1685,0,確定05月配信【1】ﾄﾞｺﾓ ｽｺﾞ得(有名ｽﾀﾝﾌﾟ)　仕入,,,1,,,,,,,,,,,,
20210731,,21,0,1,,,,,,,,,,,1,0,,3120,,10229,,0,,16289,0,確定05月配信【1】ﾄﾞｺﾓ ｽｺﾞ得(有名ｽﾀﾝﾌﾟ)　仕入,,,1,,,,,,,,,,,,
20210731,,21,0,1,,,,,,,,,,,1,0,,3120,,10232,,0,,19472,0,確定05月配信【1】ﾄﾞｺﾓ ｽｺﾞ得(有名ｽﾀﾝﾌﾟ)　仕入,,,1,,,,,,,,,,,,
20210731,,21,0,1,,,,,,,,,,,1,0,,3120,,10236,,0,,14604,0,確定05月配信【1】ﾄﾞｺﾓ ｽｺﾞ得(有名ｽﾀﾝﾌﾟ)　仕入,,,1,,,,,,,,,,,,
20210731,,21,0,1,,,,,,,,,,,1,0,,3120,,10238,,0,,6178,0,確定05月配信【1】ﾄﾞｺﾓ ｽｺﾞ得(有名ｽﾀﾝﾌﾟ)　仕入,,,1,,,,,,,,,,,,
20210731,,21,0,1,,,,,,,,,,,1,0,,3120,,10242,,0,,187,0,確定05月配信【1】ﾄﾞｺﾓ ｽｺﾞ得(有名ｽﾀﾝﾌﾟ)　仕入,,,1,,,,,,,,,,,,
20210731,,21,0,1,,,,,,,,,,,1,0,,3120,,10246,,0,,30706,0,確定05月配信【1】ﾄﾞｺﾓ ｽｺﾞ得(有名ｽﾀﾝﾌﾟ)　仕入,,,1,,,,,,,,,,,,
20210731,,21,0,1,,,,,,,,,,,1,0,,3120,,10257,,0,,17038,0,確定05月配信【1】ﾄﾞｺﾓ ｽｺﾞ得(有名ｽﾀﾝﾌﾟ)　仕入,,,1,,,,,,,,,,,,
20210731,,21,0,1,,,,,,,,,,,1,0,,3120,,10258,,0,,13855,0,確定05月配信【1】ﾄﾞｺﾓ ｽｺﾞ得(有名ｽﾀﾝﾌﾟ)　仕入,,,1,,,,,,,,,,,,
20210731,,21,0,1,,,,,,,,,,,1,0,,3120,,10259,,0,,374,0,確定05月配信【1】ﾄﾞｺﾓ ｽｺﾞ得(有名ｽﾀﾝﾌﾟ)　仕入,,,1,,,,,,,,,,,,
20210731,,21,0,1,,,,,,,,,,,1,0,,3120,,10260,,0,,37447,0,確定05月配信【1】ﾄﾞｺﾓ ｽｺﾞ得(有名ｽﾀﾝﾌﾟ)　仕入,,,1,,,,,,,,,,,,
20210731,,21,0,1,,,,,,,,,,,1,0,,3120,,10262,,0,,561,0,確定05月配信【1】ﾄﾞｺﾓ ｽｺﾞ得(有名ｽﾀﾝﾌﾟ)　仕入,,,1,,,,,,,,,,,,
20210731,,21,0,1,,,,,,,,,,,1,0,,3120,,10264,,0,,31830,0,確定05月配信【1】ﾄﾞｺﾓ ｽｺﾞ得(有名ｽﾀﾝﾌﾟ)　仕入,,,1,,,,,,,,,,,,
20210731,,21,0,1,,,,,,,,,,,1,0,,3120,,10266,,0,,5055,0,確定05月配信【1】ﾄﾞｺﾓ ｽｺﾞ得(有名ｽﾀﾝﾌﾟ)　仕入,,,1,,,,,,,,,,,,
20210731,,21,0,1,,,,,,,,,,,1,0,,3120,,10267,,0,,3183,0,確定05月配信【1】ﾄﾞｺﾓ ｽｺﾞ得(有名ｽﾀﾝﾌﾟ)　仕入,,,1,,,,,,,,,,,,
20210731,,21,0,1,,,,,,,,,,,1,0,,3120,,10268,,0,,748,0,確定05月配信【1】ﾄﾞｺﾓ ｽｺﾞ得(有名ｽﾀﾝﾌﾟ)　仕入,,,1,,,,,,,,,,,,
20210731,,21,0,1,,,,,,,,,,,1,0,,3120,,10270,,0,,59728,0,確定05月配信【1】ﾄﾞｺﾓ ｽｺﾞ得(有名ｽﾀﾝﾌﾟ)　仕入,,,1,,,,,,,,,,,,
20210731,,21,0,1,,,,,,,,,,,1,0,,3120,,10272,,0,,374,0,確定05月配信【1】ﾄﾞｺﾓ ｽｺﾞ得(有名ｽﾀﾝﾌﾟ)　仕入,,,1,,,,,,,,,,,,
20210731,,21,0,1,,,,,,,,,,,1,0,,3120,,10273,,0,,5242,0,確定05月配信【1】ﾄﾞｺﾓ ｽｺﾞ得(有名ｽﾀﾝﾌﾟ)　仕入,,,1,,,,,,,,,,,,
20210731,,21,0,1,,,,,,,,,,,1,0,,3120,,10274,,0,,8238,0,確定05月配信【1】ﾄﾞｺﾓ ｽｺﾞ得(有名ｽﾀﾝﾌﾟ)　仕入,,,1,,,,,,,,,,,,
20210731,,21,0,1,,,,,,,,,,,1,0,,3120,,10275,,0,,22843,0,確定05月配信【1】ﾄﾞｺﾓ ｽｺﾞ得(有名ｽﾀﾝﾌﾟ)　仕入,,,1,,,,,,,,,,,,
20210731,,21,0,1,,,,,,,,,,,1,0,,3120,,10276,,0,,27336,0,確定05月配信【1】ﾄﾞｺﾓ ｽｺﾞ得(有名ｽﾀﾝﾌﾟ)　仕入,,,1,,,,,,,,,,,,
20210731,,21,0,1,,,,,,,,,,,1,0,,3120,,10277,,0,,3183,0,確定05月配信【1】ﾄﾞｺﾓ ｽｺﾞ得(有名ｽﾀﾝﾌﾟ)　仕入,,,1,,,,,,,,,,,,
20210731,,21,0,1,,,,,,,,,,,1,0,,3120,,10278,,0,,748,0,確定05月配信【1】ﾄﾞｺﾓ ｽｺﾞ得(有名ｽﾀﾝﾌﾟ)　仕入,,,1,,,,,,,,,,,,
20210731,,21,0,1,,,,,,,,,,,1,0,,3120,,10279,,0,,374,0,確定05月配信【1】ﾄﾞｺﾓ ｽｺﾞ得(有名ｽﾀﾝﾌﾟ)　仕入,,,1,,,,,,,,,,,,
20210731,,21,0,1,,,,,,,,,,,1,0,,3120,,10280,,0,,68529,0,確定05月配信【1】ﾄﾞｺﾓ ｽｺﾞ得(有名ｽﾀﾝﾌﾟ)　仕入,,,1,,,,,,,,,,,,
20210731,,21,0,1,,,,,,,,,,,1,0,,3120,,10281,,0,,112155,0,確定05月配信【1】ﾄﾞｺﾓ ｽｺﾞ得(有名ｽﾀﾝﾌﾟ)　仕入,,,1,,,,,,,,,,,,
20210731,,21,0,1,,,,,,,,,,,1,0,,3120,,10282,,0,,187,0,確定05月配信【1】ﾄﾞｺﾓ ｽｺﾞ得(有名ｽﾀﾝﾌﾟ)　仕入,,,1,,,,,,,,,,,,
20210731,,21,0,1,,,,,,,,,,,1,0,,3120,,10283,,0,,71150,0,確定05月配信【1】ﾄﾞｺﾓ ｽｺﾞ得(有名ｽﾀﾝﾌﾟ)　仕入,,,1,,,,,,,,,,,,
20210731,,21,0,1,,,,,,,,,,,1,0,,3120,,10284,,0,,54486,0,確定05月配信【1】ﾄﾞｺﾓ ｽｺﾞ得(有名ｽﾀﾝﾌﾟ)　仕入,,,1,,,,,,,,,,,,
20210731,,21,0,1,,,,,,,,,,,1,0,,3120,,10285,,0,,88563,0,確定05月配信【1】ﾄﾞｺﾓ ｽｺﾞ得(有名ｽﾀﾝﾌﾟ)　仕入,,,1,,,,,,,,,,,,
20210731,,21,0,1,,,,,,,,,,,1,0,,3120,,10286,,0,,41005,0,確定05月配信【1】ﾄﾞｺﾓ ｽｺﾞ得(有名ｽﾀﾝﾌﾟ)　仕入,,,1,,,,,,,,,,,,
20210731,,21,0,1,,,,,,,,,,,1,0,,3120,,10287,,0,,748,0,確定05月配信【1】ﾄﾞｺﾓ ｽｺﾞ得(有名ｽﾀﾝﾌﾟ)　仕入,,,1,,,,,,,,,,,,
20210731,,21,0,1,,,,,,,,,,,1,0,,3120,,10289,,0,,16851,0,確定05月配信【1】ﾄﾞｺﾓ ｽｺﾞ得(有名ｽﾀﾝﾌﾟ)　仕入,,,1,,,,,,,,,,,,
20210731,,21,0,1,,,,,,,,,,,1,0,,3120,,10290,,0,,21157,0,確定05月配信【1】ﾄﾞｺﾓ ｽｺﾞ得(有名ｽﾀﾝﾌﾟ)　仕入,,,1,,,,,,,,,,,,
20210731,,21,0,1,,,,,,,,,,,1,0,,3120,,10291,,0,,187,0,確定05月配信【1】ﾄﾞｺﾓ ｽｺﾞ得(有名ｽﾀﾝﾌﾟ)　仕入,,,1,,,,,,,,,,,,
20210731,,21,0,1,,,,,,,,,,,1,0,,3120,,10292,,0,,2995,0,確定05月配信【1】ﾄﾞｺﾓ ｽｺﾞ得(有名ｽﾀﾝﾌﾟ)　仕入,,,1,,,,,,,,,,,,
20210731,,21,0,1,,,,,,,,,,,1,0,,3120,,10293,,0,,6178,0,確定05月配信【1】ﾄﾞｺﾓ ｽｺﾞ得(有名ｽﾀﾝﾌﾟ)　仕入,,,1,,,,,,,,,,,,
20210731,,21,0,1,,,,,,,,,,,1,0,,3120,,10294,,0,,936,0,確定05月配信【1】ﾄﾞｺﾓ ｽｺﾞ得(有名ｽﾀﾝﾌﾟ)　仕入,,,1,,,,,,,,,,,,
20210731,,21,0,1,,,,,,,,,,,1,0,,3120,,10295,,0,,6927,0,確定05月配信【1】ﾄﾞｺﾓ ｽｺﾞ得(有名ｽﾀﾝﾌﾟ)　仕入,,,1,,,,,,,,,,,,
20210731,,21,0,1,,,,,,,,,,,1,0,,3120,,10298,,0,,74895,0,確定05月配信【1】ﾄﾞｺﾓ ｽｺﾞ得(有名ｽﾀﾝﾌﾟ)　仕入,,,1,,,,,,,,,,,,
20210731,,21,0,1,,,,,,,,,,,1,0,,3120,,10299,,0,,23966,0,確定05月配信【1】ﾄﾞｺﾓ ｽｺﾞ得(有名ｽﾀﾝﾌﾟ)　仕入,,,1,,,,,,,,,,,,
20210731,,21,0,1,,,,,,,,,,,1,0,,3120,,10302,,0,,1123,0,確定05月配信【1】ﾄﾞｺﾓ ｽｺﾞ得(有名ｽﾀﾝﾌﾟ)　仕入,,,1,,,,,,,,,,,,
20210731,,21,0,1,,,,,,,,,,,1,0,,3120,,10304,,0,,43251,0,確定05月配信【1】ﾄﾞｺﾓ ｽｺﾞ得(有名ｽﾀﾝﾌﾟ)　仕入,,,1,,,,,,,,,,,,
20210731,,21,0,1,,,,,,,,,,,1,0,,3120,,10305,,0,,187,0,確定05月配信【1】ﾄﾞｺﾓ ｽｺﾞ得(有名ｽﾀﾝﾌﾟ)　仕入,,,1,,,,,,,,,,,,
20210731,,21,0,1,,,,,,,,,,,1,0,,3120,,10306,,0,,84257,0,確定05月配信【1】ﾄﾞｺﾓ ｽｺﾞ得(有名ｽﾀﾝﾌﾟ)　仕入,,,1,,,,,,,,,,,,
20210731,,21,0,1,,,,,,,,,,,1,0,,3120,,10307,,0,,3744,0,確定05月配信【1】ﾄﾞｺﾓ ｽｺﾞ得(有名ｽﾀﾝﾌﾟ)　仕入,,,1,,,,,,,,,,,,
20210731,,21,0,1,,,,,,,,,,,1,0,,3120,,10308,,0,,187,0,確定05月配信【1】ﾄﾞｺﾓ ｽｺﾞ得(有名ｽﾀﾝﾌﾟ)　仕入,,,1,,,,,,,,,,,,
20210731,,21,0,1,,,,,,,,,,,1,0,,3120,,10311,,0,,2059,0,確定05月配信【1】ﾄﾞｺﾓ ｽｺﾞ得(有名ｽﾀﾝﾌﾟ)　仕入,,,1,,,,,,,,,,,,
20210731,,21,0,1,,,,,,,,,,,1,0,,3120,,10313,,0,,34826,0,確定05月配信【1】ﾄﾞｺﾓ ｽｺﾞ得(有名ｽﾀﾝﾌﾟ)　仕入,,,1,,,,,,,,,,,,
20210731,,21,0,1,,,,,,,,,,,1,0,,3120,,10314,,0,,187,0,確定05月配信【1】ﾄﾞｺﾓ ｽｺﾞ得(有名ｽﾀﾝﾌﾟ)　仕入,,,1,,,,,,,,,,,,
20210731,,21,0,1,,,,,,,,,,,1,0,,3120,,10318,,0,,2995,0,確定05月配信【1】ﾄﾞｺﾓ ｽｺﾞ得(有名ｽﾀﾝﾌﾟ)　仕入,,,1,,,,,,,,,,,,
20210731,,21,0,1,,,,,,,,,,,1,0,,3120,,10319,,0,,1310,0,確定05月配信【1】ﾄﾞｺﾓ ｽｺﾞ得(有名ｽﾀﾝﾌﾟ)　仕入,,,1,,,,,,,,,,,,
20210731,,21,0,1,,,,,,,,,,,1,0,,3120,,10320,,0,,24902,0,確定05月配信【1】ﾄﾞｺﾓ ｽｺﾞ得(有名ｽﾀﾝﾌﾟ)　仕入,,,1,,,,,,,,,,,,
20210731,,21,0,1,,,,,,,,,,,1,0,,3120,,10321,,0,,35387,0,確定05月配信【1】ﾄﾞｺﾓ ｽｺﾞ得(有名ｽﾀﾝﾌﾟ)　仕入,,,1,,,,,,,,,,,,
20210731,,21,0,1,,,,,,,,,,,1,0,,3120,,10322,,0,,1872,0,確定05月配信【1】ﾄﾞｺﾓ ｽｺﾞ得(有名ｽﾀﾝﾌﾟ)　仕入,,,1,,,,,,,,,,,,
20210731,,21,0,1,,,,,,,,,,,1,0,,3120,,10323,,0,,1497,0,確定05月配信【1】ﾄﾞｺﾓ ｽｺﾞ得(有名ｽﾀﾝﾌﾟ)　仕入,,,1,,,,,,,,,,,,
20210731,,21,0,1,,,,,,,,,,,1,0,,3120,,10324,,0,,561,0,確定05月配信【1】ﾄﾞｺﾓ ｽｺﾞ得(有名ｽﾀﾝﾌﾟ)　仕入,,,1,,,,,,,,,,,,
20210731,,21,0,1,,,,,,,,,,,1,0,,3120,,10325,,0,,7676,0,確定05月配信【1】ﾄﾞｺﾓ ｽｺﾞ得(有名ｽﾀﾝﾌﾟ)　仕入,,,1,,,,,,,,,,,,
20210731,,21,0,1,,,,,,,,,,,1,0,,3120,,10326,,0,,2246,0,確定05月配信【1】ﾄﾞｺﾓ ｽｺﾞ得(有名ｽﾀﾝﾌﾟ)　仕入,,,1,,,,,,,,,,,,
20210731,,21,0,1,,,,,,,,,,,1,0,,3120,,10330,,0,,9361,0,確定05月配信【1】ﾄﾞｺﾓ ｽｺﾞ得(有名ｽﾀﾝﾌﾟ)　仕入,,,1,,,,,,,,,,,,
20210731,,21,0,1,000,,5413,,2,,Q5,,564128,0,1,0,,3120,,10005,,0,,56,0,確定06月配信【3】auｽﾏｰﾄﾊﾟｽ(有名ｽﾀﾝﾌﾟ)　仕入,,,1,,,,,,,,,,,,
20210731,,21,0,1,,,,,,,,,,,1,0,,3120,,10006,,0,,451,0,確定06月配信【3】auｽﾏｰﾄﾊﾟｽ(有名ｽﾀﾝﾌﾟ)　仕入,,,1,,,,,,,,,,,,
20210731,,21,0,1,,,,,,,,,,,1,0,,3120,,10009,,0,,5253,0,確定06月配信【3】auｽﾏｰﾄﾊﾟｽ(有名ｽﾀﾝﾌﾟ)　仕入,,,1,,,,,,,,,,,,
20210731,,21,0,1,,,,,,,,,,,1,0,,3120,,10010,,0,,2259,0,確定06月配信【3】auｽﾏｰﾄﾊﾟｽ(有名ｽﾀﾝﾌﾟ)　仕入,,,1,,,,,,,,,,,,
20210731,,21,0,1,,,,,,,,,,,1,0,,3120,,10013,,0,,2485,0,確定06月配信【3】auｽﾏｰﾄﾊﾟｽ(有名ｽﾀﾝﾌﾟ)　仕入,,,1,,,,,,,,,,,,
20210731,,21,0,1,,,,,,,,,,,1,0,,3120,,10015,,0,,14517,0,確定06月配信【3】auｽﾏｰﾄﾊﾟｽ(有名ｽﾀﾝﾌﾟ)　仕入,,,1,,,,,,,,,,,,
20210731,,21,0,1,,,,,,,,,,,1,0,,3120,,10018,,0,,17906,0,確定06月配信【3】auｽﾏｰﾄﾊﾟｽ(有名ｽﾀﾝﾌﾟ)　仕入,,,1,,,,,,,,,,,,
20210731,,21,0,1,,,,,,,,,,,1,0,,3120,,10019,,0,,3445,0,確定06月配信【3】auｽﾏｰﾄﾊﾟｽ(有名ｽﾀﾝﾌﾟ)　仕入,,,1,,,,,,,,,,,,
20210731,,21,0,1,,,,,,,,,,,1,0,,3120,,10020,,0,,25080,0,確定06月配信【3】auｽﾏｰﾄﾊﾟｽ(有名ｽﾀﾝﾌﾟ)　仕入,,,1,,,,,,,,,,,,
20210731,,21,0,1,,,,,,,,,,,1,0,,3120,,10021,,0,,338,0,確定06月配信【3】auｽﾏｰﾄﾊﾟｽ(有名ｽﾀﾝﾌﾟ)　仕入,,,1,,,,,,,,,,,,
20210731,,21,0,1,,,,,,,,,,,1,0,,3120,,10023,,0,,1807,0,確定06月配信【3】auｽﾏｰﾄﾊﾟｽ(有名ｽﾀﾝﾌﾟ)　仕入,,,1,,,,,,,,,,,,
20210731,,21,0,1,,,,,,,,,,,1,0,,3120,,10024,,0,,734,0,確定06月配信【3】auｽﾏｰﾄﾊﾟｽ(有名ｽﾀﾝﾌﾟ)　仕入,,,1,,,,,,,,,,,,
20210731,,21,0,1,,,,,,,,,,,1,0,,3120,,10026,,0,,960,0,確定06月配信【3】auｽﾏｰﾄﾊﾟｽ(有名ｽﾀﾝﾌﾟ)　仕入,,,1,,,,,,,,,,,,
20210731,,21,0,1,,,,,,,,,,,1,0,,3120,,10033,,0,,14969,0,確定06月配信【3】auｽﾏｰﾄﾊﾟｽ(有名ｽﾀﾝﾌﾟ)　仕入,,,1,,,,,,,,,,,,
20210731,,21,0,1,,,,,,,,,,,1,0,,3120,,10035,,0,,2315,0,確定06月配信【3】auｽﾏｰﾄﾊﾟｽ(有名ｽﾀﾝﾌﾟ)　仕入,,,1,,,,,,,,,,,,
20210731,,21,0,1,,,,,,,,,,,1,0,,3120,,10039,,0,,2767,0,確定06月配信【3】auｽﾏｰﾄﾊﾟｽ(有名ｽﾀﾝﾌﾟ)　仕入,,,1,,,,,,,,,,,,
20210731,,21,0,1,,,,,,,,,,,1,0,,3120,,10041,,0,,112,0,確定06月配信【3】auｽﾏｰﾄﾊﾟｽ(有名ｽﾀﾝﾌﾟ)　仕入,,,1,,,,,,,,,,,,
20210731,,21,0,1,,,,,,,,,,,1,0,,3120,,10042,,0,,56,0,確定06月配信【3】auｽﾏｰﾄﾊﾟｽ(有名ｽﾀﾝﾌﾟ)　仕入,,,1,,,,,,,,,,,,
20210731,,21,0,1,,,,,,,,,,,1,0,,3120,,10052,,0,,847,0,確定06月配信【3】auｽﾏｰﾄﾊﾟｽ(有名ｽﾀﾝﾌﾟ)　仕入,,,1,,,,,,,,,,,,
20210731,,21,0,1,,,,,,,,,,,1,0,,3120,,10053,,0,,6213,0,確定06月配信【3】auｽﾏｰﾄﾊﾟｽ(有名ｽﾀﾝﾌﾟ)　仕入,,,1,,,,,,,,,,,,
20210731,,21,0,1,,,,,,,,,,,1,0,,3120,,10056,,0,,56,0,確定06月配信【3】auｽﾏｰﾄﾊﾟｽ(有名ｽﾀﾝﾌﾟ)　仕入,,,1,,,,,,,,,,,,
20210731,,21,0,1,,,,,,,,,,,1,0,,3120,,10059,,0,,2654,0,確定06月配信【3】auｽﾏｰﾄﾊﾟｽ(有名ｽﾀﾝﾌﾟ)　仕入,,,1,,,,,,,,,,,,
20210731,,21,0,1,,,,,,,,,,,1,0,,3120,,10060,,0,,621,0,確定06月配信【3】auｽﾏｰﾄﾊﾟｽ(有名ｽﾀﾝﾌﾟ)　仕入,,,1,,,,,,,,,,,,
20210731,,21,0,1,,,,,,,,,,,1,0,,3120,,10061,,0,,395,0,確定06月配信【3】auｽﾏｰﾄﾊﾟｽ(有名ｽﾀﾝﾌﾟ)　仕入,,,1,,,,,,,,,,,,
20210731,,21,0,1,,,,,,,,,,,1,0,,3120,,10062,,0,,18527,0,確定06月配信【3】auｽﾏｰﾄﾊﾟｽ(有名ｽﾀﾝﾌﾟ)　仕入,,,1,,,,,,,,,,,,
20210731,,21,0,1,,,,,,,,,,,1,0,,3120,,10063,,0,,56,0,確定06月配信【3】auｽﾏｰﾄﾊﾟｽ(有名ｽﾀﾝﾌﾟ)　仕入,,,1,,,,,,,,,,,,
20210731,,21,0,1,,,,,,,,,,,1,0,,3120,,10064,,0,,4857,0,確定06月配信【3】auｽﾏｰﾄﾊﾟｽ(有名ｽﾀﾝﾌﾟ)　仕入,,,1,,,,,,,,,,,,
20210731,,21,0,1,,,,,,,,,,,1,0,,3120,,10065,,0,,112,0,確定06月配信【3】auｽﾏｰﾄﾊﾟｽ(有名ｽﾀﾝﾌﾟ)　仕入,,,1,,,,,,,,,,,,
20210731,,21,0,1,,,,,,,,,,,1,0,,3120,,10068,,0,,112,0,確定06月配信【3】auｽﾏｰﾄﾊﾟｽ(有名ｽﾀﾝﾌﾟ)　仕入,,,1,,,,,,,,,,,,
20210731,,21,0,1,,,,,,,,,,,1,0,,3120,,10075,,0,,2654,0,確定06月配信【3】auｽﾏｰﾄﾊﾟｽ(有名ｽﾀﾝﾌﾟ)　仕入,,,1,,,,,,,,,,,,
20210731,,21,0,1,,,,,,,,,,,1,0,,3120,,10081,,0,,6439,0,確定06月配信【3】auｽﾏｰﾄﾊﾟｽ(有名ｽﾀﾝﾌﾟ)　仕入,,,1,,,,,,,,,,,,
20210731,,21,0,1,,,,,,,,,,,1,0,,3120,,10084,,0,,960,0,確定06月配信【3】auｽﾏｰﾄﾊﾟｽ(有名ｽﾀﾝﾌﾟ)　仕入,,,1,,,,,,,,,,,,
20210731,,21,0,1,,,,,,,,,,,1,0,,3120,,10086,,0,,7682,0,確定06月配信【3】auｽﾏｰﾄﾊﾟｽ(有名ｽﾀﾝﾌﾟ)　仕入,,,1,,,,,,,,,,,,
20210731,,21,0,1,,,,,,,,,,,1,0,,3120,,10090,,0,,903,0,確定06月配信【3】auｽﾏｰﾄﾊﾟｽ(有名ｽﾀﾝﾌﾟ)　仕入,,,1,,,,,,,,,,,,
20210731,,21,0,1,,,,,,,,,,,1,0,,3120,,10093,,0,,677,0,確定06月配信【3】auｽﾏｰﾄﾊﾟｽ(有名ｽﾀﾝﾌﾟ)　仕入,,,1,,,,,,,,,,,,
20210731,,21,0,1,,,,,,,,,,,1,0,,3120,,10096,,0,,112,0,確定06月配信【3】auｽﾏｰﾄﾊﾟｽ(有名ｽﾀﾝﾌﾟ)　仕入,,,1,,,,,,,,,,,,
20210731,,21,0,1,,,,,,,,,,,1,0,,3120,,10098,,0,,338,0,確定06月配信【3】auｽﾏｰﾄﾊﾟｽ(有名ｽﾀﾝﾌﾟ)　仕入,,,1,,,,,,,,,,,,
20210731,,21,0,1,,,,,,,,,,,1,0,,3120,,10099,,0,,4236,0,確定06月配信【3】auｽﾏｰﾄﾊﾟｽ(有名ｽﾀﾝﾌﾟ)　仕入,,,1,,,,,,,,,,,,
20210731,,21,0,1,,,,,,,,,,,1,0,,3120,,10102,,0,,2315,0,確定06月配信【3】auｽﾏｰﾄﾊﾟｽ(有名ｽﾀﾝﾌﾟ)　仕入,,,1,,,,,,,,,,,,
20210731,,21,0,1,,,,,,,,,,,1,0,,3120,,10103,,0,,169,0,確定06月配信【3】auｽﾏｰﾄﾊﾟｽ(有名ｽﾀﾝﾌﾟ)　仕入,,,1,,,,,,,,,,,,
20210731,,21,0,1,,,,,,,,,,,1,0,,3120,,10104,,0,,3954,0,確定06月配信【3】auｽﾏｰﾄﾊﾟｽ(有名ｽﾀﾝﾌﾟ)　仕入,,,1,,,,,,,,,,,,
20210731,,21,0,1,,,,,,,,,,,1,0,,3120,,10110,,0,,1129,0,確定06月配信【3】auｽﾏｰﾄﾊﾟｽ(有名ｽﾀﾝﾌﾟ)　仕入,,,1,,,,,,,,,,,,
20210731,,21,0,1,,,,,,,,,,,1,0,,3120,,10113,,0,,56,0,確定06月配信【3】auｽﾏｰﾄﾊﾟｽ(有名ｽﾀﾝﾌﾟ)　仕入,,,1,,,,,,,,,,,,
20210731,,21,0,1,,,,,,,,,,,1,0,,3120,,10116,,0,,169,0,確定06月配信【3】auｽﾏｰﾄﾊﾟｽ(有名ｽﾀﾝﾌﾟ)　仕入,,,1,,,,,,,,,,,,
20210731,,21,0,1,,,,,,,,,,,1,0,,3120,,10117,,0,,1525,0,確定06月配信【3】auｽﾏｰﾄﾊﾟｽ(有名ｽﾀﾝﾌﾟ)　仕入,,,1,,,,,,,,,,,,
20210731,,21,0,1,,,,,,,,,,,1,0,,3120,,10118,,0,,9941,0,確定06月配信【3】auｽﾏｰﾄﾊﾟｽ(有名ｽﾀﾝﾌﾟ)　仕入,,,1,,,,,,,,,,,,
20210731,,21,0,1,,,,,,,,,,,1,0,,3120,,10138,,0,,395,0,確定06月配信【3】auｽﾏｰﾄﾊﾟｽ(有名ｽﾀﾝﾌﾟ)　仕入,,,1,,,,,,,,,,,,
20210731,,21,0,1,,,,,,,,,,,1,0,,3120,,10140,,0,,225,0,確定06月配信【3】auｽﾏｰﾄﾊﾟｽ(有名ｽﾀﾝﾌﾟ)　仕入,,,1,,,,,,,,,,,,
20210731,,21,0,1,,,,,,,,,,,1,0,,3120,,10146,,0,,2033,0,確定06月配信【3】auｽﾏｰﾄﾊﾟｽ(有名ｽﾀﾝﾌﾟ)　仕入,,,1,,,,,,,,,,,,
20210731,,21,0,1,,,,,,,,,,,1,0,,3120,,10150,,0,,1525,0,確定06月配信【3】auｽﾏｰﾄﾊﾟｽ(有名ｽﾀﾝﾌﾟ)　仕入,,,1,,,,,,,,,,,,
20210731,,21,0,1,,,,,,,,,,,1,0,,3120,,10153,,0,,19939,0,確定06月配信【3】auｽﾏｰﾄﾊﾟｽ(有名ｽﾀﾝﾌﾟ)　仕入,,,1,,,,,,,,,,,,
20210731,,21,0,1,,,,,,,,,,,1,0,,3120,,10174,,0,,4575,0,確定06月配信【3】auｽﾏｰﾄﾊﾟｽ(有名ｽﾀﾝﾌﾟ)　仕入,,,1,,,,,,,,,,,,
20210731,,21,0,1,,,,,,,,,,,1,0,,3120,,10205,,0,,338,0,確定06月配信【3】auｽﾏｰﾄﾊﾟｽ(有名ｽﾀﾝﾌﾟ)　仕入,,,1,,,,,,,,,,,,
20210731,,21,0,1,,,,,,,,,,,1,0,,3120,,10210,,0,,112,0,確定06月配信【3】auｽﾏｰﾄﾊﾟｽ(有名ｽﾀﾝﾌﾟ)　仕入,,,1,,,,,,,,,,,,
20210731,,21,0,1,,,,,,,,,,,1,0,,3120,,10218,,0,,9207,0,確定06月配信【3】auｽﾏｰﾄﾊﾟｽ(有名ｽﾀﾝﾌﾟ)　仕入,,,1,,,,,,,,,,,,
20210731,,21,0,1,,,,,,,,,,,1,0,,3120,,10219,,0,,6552,0,確定06月配信【3】auｽﾏｰﾄﾊﾟｽ(有名ｽﾀﾝﾌﾟ)　仕入,,,1,,,,,,,,,,,,
20210731,,21,0,1,,,,,,,,,,,1,0,,3120,,10229,,0,,9489,0,確定06月配信【3】auｽﾏｰﾄﾊﾟｽ(有名ｽﾀﾝﾌﾟ)　仕入,,,1,,,,,,,,,,,,
20210731,,21,0,1,,,,,,,,,,,1,0,,3120,,10232,,0,,9998,0,確定06月配信【3】auｽﾏｰﾄﾊﾟｽ(有名ｽﾀﾝﾌﾟ)　仕入,,,1,,,,,,,,,,,,
20210731,,21,0,1,,,,,,,,,,,1,0,,3120,,10236,,0,,1355,0,確定06月配信【3】auｽﾏｰﾄﾊﾟｽ(有名ｽﾀﾝﾌﾟ)　仕入,,,1,,,,,,,,,,,,
20210731,,21,0,1,,,,,,,,,,,1,0,,3120,,10238,,0,,9546,0,確定06月配信【3】auｽﾏｰﾄﾊﾟｽ(有名ｽﾀﾝﾌﾟ)　仕入,,,1,,,,,,,,,,,,
20210731,,21,0,1,,,,,,,,,,,1,0,,3120,,10246,,0,,4123,0,確定06月配信【3】auｽﾏｰﾄﾊﾟｽ(有名ｽﾀﾝﾌﾟ)　仕入,,,1,,,,,,,,,,,,
20210731,,21,0,1,,,,,,,,,,,1,0,,3120,,10257,,0,,1581,0,確定06月配信【3】auｽﾏｰﾄﾊﾟｽ(有名ｽﾀﾝﾌﾟ)　仕入,,,1,,,,,,,,,,,,
20210731,,21,0,1,,,,,,,,,,,1,0,,3120,,10258,,0,,2598,0,確定06月配信【3】auｽﾏｰﾄﾊﾟｽ(有名ｽﾀﾝﾌﾟ)　仕入,,,1,,,,,,,,,,,,
20210731,,21,0,1,,,,,,,,,,,1,0,,3120,,10259,,0,,56,0,確定06月配信【3】auｽﾏｰﾄﾊﾟｽ(有名ｽﾀﾝﾌﾟ)　仕入,,,1,,,,,,,,,,,,
20210731,,21,0,1,,,,,,,,,,,1,0,,3120,,10260,,0,,11014,0,確定06月配信【3】auｽﾏｰﾄﾊﾟｽ(有名ｽﾀﾝﾌﾟ)　仕入,,,1,,,,,,,,,,,,
20210731,,21,0,1,,,,,,,,,,,1,0,,3120,,10262,,0,,56,0,確定06月配信【3】auｽﾏｰﾄﾊﾟｽ(有名ｽﾀﾝﾌﾟ)　仕入,,,1,,,,,,,,,,,,
20210731,,21,0,1,,,,,,,,,,,1,0,,3120,,10264,,0,,1977,0,確定06月配信【3】auｽﾏｰﾄﾊﾟｽ(有名ｽﾀﾝﾌﾟ)　仕入,,,1,,,,,,,,,,,,
20210731,,21,0,1,,,,,,,,,,,1,0,,3120,,10266,,0,,13443,0,確定06月配信【3】auｽﾏｰﾄﾊﾟｽ(有名ｽﾀﾝﾌﾟ)　仕入,,,1,,,,,,,,,,,,
20210731,,21,0,1,,,,,,,,,,,1,0,,3120,,10267,,0,,734,0,確定06月配信【3】auｽﾏｰﾄﾊﾟｽ(有名ｽﾀﾝﾌﾟ)　仕入,,,1,,,,,,,,,,,,
20210731,,21,0,1,,,,,,,,,,,1,0,,3120,,10270,,0,,35360,0,確定06月配信【3】auｽﾏｰﾄﾊﾟｽ(有名ｽﾀﾝﾌﾟ)　仕入,,,1,,,,,,,,,,,,
20210731,,21,0,1,,,,,,,,,,,1,0,,3120,,10272,,0,,56,0,確定06月配信【3】auｽﾏｰﾄﾊﾟｽ(有名ｽﾀﾝﾌﾟ)　仕入,,,1,,,,,,,,,,,,
20210731,,21,0,1,,,,,,,,,,,1,0,,3120,,10273,,0,,3276,0,確定06月配信【3】auｽﾏｰﾄﾊﾟｽ(有名ｽﾀﾝﾌﾟ)　仕入,,,1,,,,,,,,,,,,
20210731,,21,0,1,,,,,,,,,,,1,0,,3120,,10274,,0,,508,0,確定06月配信【3】auｽﾏｰﾄﾊﾟｽ(有名ｽﾀﾝﾌﾟ)　仕入,,,1,,,,,,,,,,,,
20210731,,21,0,1,,,,,,,,,,,1,0,,3120,,10275,,0,,16381,0,確定06月配信【3】auｽﾏｰﾄﾊﾟｽ(有名ｽﾀﾝﾌﾟ)　仕入,,,1,,,,,,,,,,,,
20210731,,21,0,1,,,,,,,,,,,1,0,,3120,,10276,,0,,13330,0,確定06月配信【3】auｽﾏｰﾄﾊﾟｽ(有名ｽﾀﾝﾌﾟ)　仕入,,,1,,,,,,,,,,,,
20210731,,21,0,1,,,,,,,,,,,1,0,,3120,,10277,,0,,2767,0,確定06月配信【3】auｽﾏｰﾄﾊﾟｽ(有名ｽﾀﾝﾌﾟ)　仕入,,,1,,,,,,,,,,,,
20210731,,21,0,1,,,,,,,,,,,1,0,,3120,,10278,,0,,56,0,確定06月配信【3】auｽﾏｰﾄﾊﾟｽ(有名ｽﾀﾝﾌﾟ)　仕入,,,1,,,,,,,,,,,,
20210731,,21,0,1,,,,,,,,,,,1,0,,3120,,10279,,0,,56,0,確定06月配信【3】auｽﾏｰﾄﾊﾟｽ(有名ｽﾀﾝﾌﾟ)　仕入,,,1,,,,,,,,,,,,
20210731,,21,0,1,,,,,,,,,,,1,0,,3120,,10280,,0,,1299,0,確定06月配信【3】auｽﾏｰﾄﾊﾟｽ(有名ｽﾀﾝﾌﾟ)　仕入,,,1,,,,,,,,,,,,
20210731,,21,0,1,,,,,,,,,,,1,0,,3120,,10281,,0,,12596,0,確定06月配信【3】auｽﾏｰﾄﾊﾟｽ(有名ｽﾀﾝﾌﾟ)　仕入,,,1,,,,,,,,,,,,
20210731,,21,0,1,,,,,,,,,,,1,0,,3120,,10282,,0,,56,0,確定06月配信【3】auｽﾏｰﾄﾊﾟｽ(有名ｽﾀﾝﾌﾟ)　仕入,,,1,,,,,,,,,,,,
20210731,,21,0,1,,,,,,,,,,,1,0,,3120,,10283,,0,,17567,0,確定06月配信【3】auｽﾏｰﾄﾊﾟｽ(有名ｽﾀﾝﾌﾟ)　仕入,,,1,,,,,,,,,,,,
20210731,,21,0,1,,,,,,,,,,,1,0,,3120,,10284,,0,,1299,0,確定06月配信【3】auｽﾏｰﾄﾊﾟｽ(有名ｽﾀﾝﾌﾟ)　仕入,,,1,,,,,,,,,,,,
20210731,,21,0,1,,,,,,,,,,,1,0,,3120,,10285,,0,,4462,0,確定06月配信【3】auｽﾏｰﾄﾊﾟｽ(有名ｽﾀﾝﾌﾟ)　仕入,,,1,,,,,,,,,,,,
20210731,,21,0,1,,,,,,,,,,,1,0,,3120,,10286,,0,,13443,0,確定06月配信【3】auｽﾏｰﾄﾊﾟｽ(有名ｽﾀﾝﾌﾟ)　仕入,,,1,,,,,,,,,,,,
20210731,,21,0,1,,,,,,,,,,,1,0,,3120,,10287,,0,,56,0,確定06月配信【3】auｽﾏｰﾄﾊﾟｽ(有名ｽﾀﾝﾌﾟ)　仕入,,,1,,,,,,,,,,,,
20210731,,21,0,1,,,,,,,,,,,1,0,,3120,,10289,,0,,1129,0,確定06月配信【3】auｽﾏｰﾄﾊﾟｽ(有名ｽﾀﾝﾌﾟ)　仕入,,,1,,,,,,,,,,,,
20210731,,21,0,1,,,,,,,,,,,1,0,,3120,,10290,,0,,282,0,確定06月配信【3】auｽﾏｰﾄﾊﾟｽ(有名ｽﾀﾝﾌﾟ)　仕入,,,1,,,,,,,,,,,,
20210731,,21,0,1,,,,,,,,,,,1,0,,3120,,10292,,0,,9885,0,確定06月配信【3】auｽﾏｰﾄﾊﾟｽ(有名ｽﾀﾝﾌﾟ)　仕入,,,1,,,,,,,,,,,,
20210731,,21,0,1,,,,,,,,,,,1,0,,3120,,10293,,0,,4857,0,確定06月配信【3】auｽﾏｰﾄﾊﾟｽ(有名ｽﾀﾝﾌﾟ)　仕入,,,1,,,,,,,,,,,,
20210731,,21,0,1,,,,,,,,,,,1,0,,3120,,10294,,0,,5083,0,確定06月配信【3】auｽﾏｰﾄﾊﾟｽ(有名ｽﾀﾝﾌﾟ)　仕入,,,1,,,,,,,,,,,,
20210731,,21,0,1,,,,,,,,,,,1,0,,3120,,10295,,0,,282,0,確定06月配信【3】auｽﾏｰﾄﾊﾟｽ(有名ｽﾀﾝﾌﾟ)　仕入,,,1,,,,,,,,,,,,
20210731,,21,0,1,,,,,,,,,,,1,0,,3120,,10298,,0,,28695,0,確定06月配信【3】auｽﾏｰﾄﾊﾟｽ(有名ｽﾀﾝﾌﾟ)　仕入,,,1,,,,,,,,,,,,
20210731,,21,0,1,,,,,,,,,,,1,0,,3120,,10299,,0,,1694,0,確定06月配信【3】auｽﾏｰﾄﾊﾟｽ(有名ｽﾀﾝﾌﾟ)　仕入,,,1,,,,,,,,,,,,
20210731,,21,0,1,,,,,,,,,,,1,0,,3120,,10302,,0,,1920,0,確定06月配信【3】auｽﾏｰﾄﾊﾟｽ(有名ｽﾀﾝﾌﾟ)　仕入,,,1,,,,,,,,,,,,
20210731,,21,0,1,,,,,,,,,,,1,0,,3120,,10304,,0,,4518,0,確定06月配信【3】auｽﾏｰﾄﾊﾟｽ(有名ｽﾀﾝﾌﾟ)　仕入,,,1,,,,,,,,,,,,
20210731,,21,0,1,,,,,,,,,,,1,0,,3120,,10306,,0,,30446,0,確定06月配信【3】auｽﾏｰﾄﾊﾟｽ(有名ｽﾀﾝﾌﾟ)　仕入,,,1,,,,,,,,,,,,
20210731,,21,0,1,,,,,,,,,,,1,0,,3120,,10307,,0,,6608,0,確定06月配信【3】auｽﾏｰﾄﾊﾟｽ(有名ｽﾀﾝﾌﾟ)　仕入,,,1,,,,,,,,,,,,
20210731,,21,0,1,,,,,,,,,,,1,0,,3120,,10308,,0,,56,0,確定06月配信【3】auｽﾏｰﾄﾊﾟｽ(有名ｽﾀﾝﾌﾟ)　仕入,,,1,,,,,,,,,,,,
20210731,,21,0,1,,,,,,,,,,,1,0,,3120,,10311,,0,,9941,0,確定06月配信【3】auｽﾏｰﾄﾊﾟｽ(有名ｽﾀﾝﾌﾟ)　仕入,,,1,,,,,,,,,,,,
20210731,,21,0,1,,,,,,,,,,,1,0,,3120,,10313,,0,,9433,0,確定06月配信【3】auｽﾏｰﾄﾊﾟｽ(有名ｽﾀﾝﾌﾟ)　仕入,,,1,,,,,,,,,,,,
20210731,,21,0,1,,,,,,,,,,,1,0,,3120,,10318,,0,,8755,0,確定06月配信【3】auｽﾏｰﾄﾊﾟｽ(有名ｽﾀﾝﾌﾟ)　仕入,,,1,,,,,,,,,,,,
20210731,,21,0,1,,,,,,,,,,,1,0,,3120,,10319,,0,,5196,0,確定06月配信【3】auｽﾏｰﾄﾊﾟｽ(有名ｽﾀﾝﾌﾟ)　仕入,,,1,,,,,,,,,,,,
20210731,,21,0,1,,,,,,,,,,,1,0,,3120,,10320,,0,,4236,0,確定06月配信【3】auｽﾏｰﾄﾊﾟｽ(有名ｽﾀﾝﾌﾟ)　仕入,,,1,,,,,,,,,,,,
20210731,,21,0,1,,,,,,,,,,,1,0,,3120,,10321,,0,,2202,0,確定06月配信【3】auｽﾏｰﾄﾊﾟｽ(有名ｽﾀﾝﾌﾟ)　仕入,,,1,,,,,,,,,,,,
20210731,,21,0,1,,,,,,,,,,,1,0,,3120,,10322,,0,,56,0,確定06月配信【3】auｽﾏｰﾄﾊﾟｽ(有名ｽﾀﾝﾌﾟ)　仕入,,,1,,,,,,,,,,,,
20210731,,21,0,1,,,,,,,,,,,1,0,,3120,,10323,,0,,2259,0,確定06月配信【3】auｽﾏｰﾄﾊﾟｽ(有名ｽﾀﾝﾌﾟ)　仕入,,,1,,,,,,,,,,,,
20210731,,21,0,1,,,,,,,,,,,1,0,,3120,,10324,,0,,2767,0,確定06月配信【3】auｽﾏｰﾄﾊﾟｽ(有名ｽﾀﾝﾌﾟ)　仕入,,,1,,,,,,,,,,,,
20210731,,21,0,1,,,,,,,,,,,1,0,,3120,,10325,,0,,3502,0,確定06月配信【3】auｽﾏｰﾄﾊﾟｽ(有名ｽﾀﾝﾌﾟ)　仕入,,,1,,,,,,,,,,,,
20210731,,21,0,1,,,,,,,,,,,1,0,,3120,,10326,,0,,169,0,確定06月配信【3】auｽﾏｰﾄﾊﾟｽ(有名ｽﾀﾝﾌﾟ)　仕入,,,1,,,,,,,,,,,,
20210731,,21,0,1,,,,,,,,,,,1,0,,3120,,10330,,0,,11184,0,確定06月配信【3】auｽﾏｰﾄﾊﾟｽ(有名ｽﾀﾝﾌﾟ)　仕入,,,1,,,,,,,,,,,,
20210731,,21,0,1,,,,,,,,,,,1,0,,3120,,10331,,0,,2315,0,確定06月配信【3】auｽﾏｰﾄﾊﾟｽ(有名ｽﾀﾝﾌﾟ)　仕入,,,1,,,,,,,,,,,,
20210731,,21,0,1,000,,5413,,2,,Q5,,265924,0,1,0,,3120,,10005,,0,,292,0,確定05月配信【7】AppPass(有名ｽﾀﾝﾌﾟ☆取り放題)　仕入,,,1,,,,,,,,,,,,
20210731,,21,0,1,,,,,,,,,,,1,0,,3120,,10009,,0,,1117,0,確定05月配信【7】AppPass(有名ｽﾀﾝﾌﾟ☆取り放題)　仕入,,,1,,,,,,,,,,,,
20210731,,21,0,1,,,,,,,,,,,1,0,,3120,,10010,,0,,4683,0,確定05月配信【7】AppPass(有名ｽﾀﾝﾌﾟ☆取り放題)　仕入,,,1,,,,,,,,,,,,
20210731,,21,0,1,,,,,,,,,,,1,0,,3120,,10013,,0,,931,0,確定05月配信【7】AppPass(有名ｽﾀﾝﾌﾟ☆取り放題)　仕入,,,1,,,,,,,,,,,,
20210731,,21,0,1,,,,,,,,,,,1,0,,3120,,10015,,0,,5561,0,確定05月配信【7】AppPass(有名ｽﾀﾝﾌﾟ☆取り放題)　仕入,,,1,,,,,,,,,,,,
20210731,,21,0,1,,,,,,,,,,,1,0,,3120,,10018,,0,,2634,0,確定05月配信【7】AppPass(有名ｽﾀﾝﾌﾟ☆取り放題)　仕入,,,1,,,,,,,,,,,,
20210731,,21,0,1,,,,,,,,,,,1,0,,3120,,10019,,0,,3246,0,確定05月配信【7】AppPass(有名ｽﾀﾝﾌﾟ☆取り放題)　仕入,,,1,,,,,,,,,,,,
20210731,,21,0,1,,,,,,,,,,,1,0,,3120,,10020,,0,,11469,0,確定05月配信【7】AppPass(有名ｽﾀﾝﾌﾟ☆取り放題)　仕入,,,1,,,,,,,,,,,,
20210731,,21,0,1,,,,,,,,,,,1,0,,3120,,10023,,0,,3459,0,確定05月配信【7】AppPass(有名ｽﾀﾝﾌﾟ☆取り放題)　仕入,,,1,,,,,,,,,,,,
20210731,,21,0,1,,,,,,,,,,,1,0,,3120,,10024,,0,,1543,0,確定05月配信【7】AppPass(有名ｽﾀﾝﾌﾟ☆取り放題)　仕入,,,1,,,,,,,,,,,,
20210731,,21,0,1,,,,,,,,,,,1,0,,3120,,10026,,0,,4497,0,確定05月配信【7】AppPass(有名ｽﾀﾝﾌﾟ☆取り放題)　仕入,,,1,,,,,,,,,,,,
20210731,,21,0,1,,,,,,,,,,,1,0,,3120,,10033,,0,,4470,0,確定05月配信【7】AppPass(有名ｽﾀﾝﾌﾟ☆取り放題)　仕入,,,1,,,,,,,,,,,,
20210731,,21,0,1,,,,,,,,,,,1,0,,3120,,10035,,0,,1037,0,確定05月配信【7】AppPass(有名ｽﾀﾝﾌﾟ☆取り放題)　仕入,,,1,,,,,,,,,,,,
20210731,,21,0,1,,,,,,,,,,,1,0,,3120,,10039,,0,,4656,0,確定05月配信【7】AppPass(有名ｽﾀﾝﾌﾟ☆取り放題)　仕入,,,1,,,,,,,,,,,,
20210731,,21,0,1,,,,,,,,,,,1,0,,3120,,10052,,0,,239,0,確定05月配信【7】AppPass(有名ｽﾀﾝﾌﾟ☆取り放題)　仕入,,,1,,,,,,,,,,,,
20210731,,21,0,1,,,,,,,,,,,1,0,,3120,,10053,,0,,1463,0,確定05月配信【7】AppPass(有名ｽﾀﾝﾌﾟ☆取り放題)　仕入,,,1,,,,,,,,,,,,
20210731,,21,0,1,,,,,,,,,,,1,0,,3120,,10056,,0,,79,0,確定05月配信【7】AppPass(有名ｽﾀﾝﾌﾟ☆取り放題)　仕入,,,1,,,,,,,,,,,,
20210731,,21,0,1,,,,,,,,,,,1,0,,3120,,10059,,0,,266,0,確定05月配信【7】AppPass(有名ｽﾀﾝﾌﾟ☆取り放題)　仕入,,,1,,,,,,,,,,,,
20210731,,21,0,1,,,,,,,,,,,1,0,,3120,,10060,,0,,186,0,確定05月配信【7】AppPass(有名ｽﾀﾝﾌﾟ☆取り放題)　仕入,,,1,,,,,,,,,,,,
20210731,,21,0,1,,,,,,,,,,,1,0,,3120,,10061,,0,,718,0,確定05月配信【7】AppPass(有名ｽﾀﾝﾌﾟ☆取り放題)　仕入,,,1,,,,,,,,,,,,
20210731,,21,0,1,,,,,,,,,,,1,0,,3120,,10062,,0,,6892,0,確定05月配信【7】AppPass(有名ｽﾀﾝﾌﾟ☆取り放題)　仕入,,,1,,,,,,,,,,,,
20210731,,21,0,1,,,,,,,,,,,1,0,,3120,,10064,,0,,133,0,確定05月配信【7】AppPass(有名ｽﾀﾝﾌﾟ☆取り放題)　仕入,,,1,,,,,,,,,,,,
20210731,,21,0,1,,,,,,,,,,,1,0,,3120,,10065,,0,,612,0,確定05月配信【7】AppPass(有名ｽﾀﾝﾌﾟ☆取り放題)　仕入,,,1,,,,,,,,,,,,
20210731,,21,0,1,,,,,,,,,,,1,0,,3120,,10068,,0,,345,0,確定05月配信【7】AppPass(有名ｽﾀﾝﾌﾟ☆取り放題)　仕入,,,1,,,,,,,,,,,,
20210731,,21,0,1,,,,,,,,,,,1,0,,3120,,10069,,0,,745,0,確定05月配信【7】AppPass(有名ｽﾀﾝﾌﾟ☆取り放題)　仕入,,,1,,,,,,,,,,,,
20210731,,21,0,1,,,,,,,,,,,1,0,,3120,,10075,,0,,106,0,確定05月配信【7】AppPass(有名ｽﾀﾝﾌﾟ☆取り放題)　仕入,,,1,,,,,,,,,,,,
20210731,,21,0,1,,,,,,,,,,,1,0,,3120,,10081,,0,,4151,0,確定05月配信【7】AppPass(有名ｽﾀﾝﾌﾟ☆取り放題)　仕入,,,1,,,,,,,,,,,,
20210731,,21,0,1,,,,,,,,,,,1,0,,3120,,10084,,0,,372,0,確定05月配信【7】AppPass(有名ｽﾀﾝﾌﾟ☆取り放題)　仕入,,,1,,,,,,,,,,,,
20210731,,21,0,1,,,,,,,,,,,1,0,,3120,,10086,,0,,691,0,確定05月配信【7】AppPass(有名ｽﾀﾝﾌﾟ☆取り放題)　仕入,,,1,,,,,,,,,,,,
20210731,,21,0,1,,,,,,,,,,,1,0,,3120,,10090,,0,,425,0,確定05月配信【7】AppPass(有名ｽﾀﾝﾌﾟ☆取り放題)　仕入,,,1,,,,,,,,,,,,
20210731,,21,0,1,,,,,,,,,,,1,0,,3120,,10093,,0,,53,0,確定05月配信【7】AppPass(有名ｽﾀﾝﾌﾟ☆取り放題)　仕入,,,1,,,,,,,,,,,,
20210731,,21,0,1,,,,,,,,,,,1,0,,3120,,10096,,0,,239,0,確定05月配信【7】AppPass(有名ｽﾀﾝﾌﾟ☆取り放題)　仕入,,,1,,,,,,,,,,,,
20210731,,21,0,1,,,,,,,,,,,1,0,,3120,,10098,,0,,1011,0,確定05月配信【7】AppPass(有名ｽﾀﾝﾌﾟ☆取り放題)　仕入,,,1,,,,,,,,,,,,
20210731,,21,0,1,,,,,,,,,,,1,0,,3120,,10099,,0,,212,0,確定05月配信【7】AppPass(有名ｽﾀﾝﾌﾟ☆取り放題)　仕入,,,1,,,,,,,,,,,,
20210731,,21,0,1,,,,,,,,,,,1,0,,3120,,10102,,0,,239,0,確定05月配信【7】AppPass(有名ｽﾀﾝﾌﾟ☆取り放題)　仕入,,,1,,,,,,,,,,,,
20210731,,21,0,1,,,,,,,,,,,1,0,,3120,,10103,,0,,26,0,確定05月配信【7】AppPass(有名ｽﾀﾝﾌﾟ☆取り放題)　仕入,,,1,,,,,,,,,,,,
20210731,,21,0,1,,,,,,,,,,,1,0,,3120,,10104,,0,,505,0,確定05月配信【7】AppPass(有名ｽﾀﾝﾌﾟ☆取り放題)　仕入,,,1,,,,,,,,,,,,
20210731,,21,0,1,,,,,,,,,,,1,0,,3120,,10116,,0,,2128,0,確定05月配信【7】AppPass(有名ｽﾀﾝﾌﾟ☆取り放題)　仕入,,,1,,,,,,,,,,,,
20210731,,21,0,1,,,,,,,,,,,1,0,,3120,,10117,,0,,425,0,確定05月配信【7】AppPass(有名ｽﾀﾝﾌﾟ☆取り放題)　仕入,,,1,,,,,,,,,,,,
20210731,,21,0,1,,,,,,,,,,,1,0,,3120,,10118,,0,,7397,0,確定05月配信【7】AppPass(有名ｽﾀﾝﾌﾟ☆取り放題)　仕入,,,1,,,,,,,,,,,,
20210731,,21,0,1,,,,,,,,,,,1,0,,3120,,10138,,0,,904,0,確定05月配信【7】AppPass(有名ｽﾀﾝﾌﾟ☆取り放題)　仕入,,,1,,,,,,,,,,,,
20210731,,21,0,1,,,,,,,,,,,1,0,,3120,,10140,,0,,3858,0,確定05月配信【7】AppPass(有名ｽﾀﾝﾌﾟ☆取り放題)　仕入,,,1,,,,,,,,,,,,
20210731,,21,0,1,,,,,,,,,,,1,0,,3120,,10146,,0,,957,0,確定05月配信【7】AppPass(有名ｽﾀﾝﾌﾟ☆取り放題)　仕入,,,1,,,,,,,,,,,,
20210731,,21,0,1,,,,,,,,,,,1,0,,3120,,10150,,0,,851,0,確定05月配信【7】AppPass(有名ｽﾀﾝﾌﾟ☆取り放題)　仕入,,,1,,,,,,,,,,,,
20210731,,21,0,1,,,,,,,,,,,1,0,,3120,,10153,,0,,8089,0,確定05月配信【7】AppPass(有名ｽﾀﾝﾌﾟ☆取り放題)　仕入,,,1,,,,,,,,,,,,
20210731,,21,0,1,,,,,,,,,,,1,0,,3120,,10174,,0,,4603,0,確定05月配信【7】AppPass(有名ｽﾀﾝﾌﾟ☆取り放題)　仕入,,,1,,,,,,,,,,,,
20210731,,21,0,1,,,,,,,,,,,1,0,,3120,,10205,,0,,665,0,確定05月配信【7】AppPass(有名ｽﾀﾝﾌﾟ☆取り放題)　仕入,,,1,,,,,,,,,,,,
20210731,,21,0,1,,,,,,,,,,,1,0,,3120,,10210,,0,,878,0,確定05月配信【7】AppPass(有名ｽﾀﾝﾌﾟ☆取り放題)　仕入,,,1,,,,,,,,,,,,
20210731,,21,0,1,,,,,,,,,,,1,0,,3120,,10218,,0,,2261,0,確定05月配信【7】AppPass(有名ｽﾀﾝﾌﾟ☆取り放題)　仕入,,,1,,,,,,,,,,,,
20210731,,21,0,1,,,,,,,,,,,1,0,,3120,,10219,,0,,266,0,確定05月配信【7】AppPass(有名ｽﾀﾝﾌﾟ☆取り放題)　仕入,,,1,,,,,,,,,,,,
20210731,,21,0,1,,,,,,,,,,,1,0,,3120,,10229,,0,,2448,0,確定05月配信【7】AppPass(有名ｽﾀﾝﾌﾟ☆取り放題)　仕入,,,1,,,,,,,,,,,,
20210731,,21,0,1,,,,,,,,,,,1,0,,3120,,10232,,0,,1836,0,確定05月配信【7】AppPass(有名ｽﾀﾝﾌﾟ☆取り放題)　仕入,,,1,,,,,,,,,,,,
20210731,,21,0,1,,,,,,,,,,,1,0,,3120,,10236,,0,,2341,0,確定05月配信【7】AppPass(有名ｽﾀﾝﾌﾟ☆取り放題)　仕入,,,1,,,,,,,,,,,,
20210731,,21,0,1,,,,,,,,,,,1,0,,3120,,10238,,0,,745,0,確定05月配信【7】AppPass(有名ｽﾀﾝﾌﾟ☆取り放題)　仕入,,,1,,,,,,,,,,,,
20210731,,21,0,1,,,,,,,,,,,1,0,,3120,,10246,,0,,4896,0,確定05月配信【7】AppPass(有名ｽﾀﾝﾌﾟ☆取り放題)　仕入,,,1,,,,,,,,,,,,
20210731,,21,0,1,,,,,,,,,,,1,0,,3120,,10257,,0,,2687,0,確定05月配信【7】AppPass(有名ｽﾀﾝﾌﾟ☆取り放題)　仕入,,,1,,,,,,,,,,,,
20210731,,21,0,1,,,,,,,,,,,1,0,,3120,,10258,,0,,1703,0,確定05月配信【7】AppPass(有名ｽﾀﾝﾌﾟ☆取り放題)　仕入,,,1,,,,,,,,,,,,
20210731,,21,0,1,,,,,,,,,,,1,0,,3120,,10259,,0,,79,0,確定05月配信【7】AppPass(有名ｽﾀﾝﾌﾟ☆取り放題)　仕入,,,1,,,,,,,,,,,,
20210731,,21,0,1,,,,,,,,,,,1,0,,3120,,10260,,0,,4151,0,確定05月配信【7】AppPass(有名ｽﾀﾝﾌﾟ☆取り放題)　仕入,,,1,,,,,,,,,,,,
20210731,,21,0,1,,,,,,,,,,,1,0,,3120,,10264,,0,,2794,0,確定05月配信【7】AppPass(有名ｽﾀﾝﾌﾟ☆取り放題)　仕入,,,1,,,,,,,,,,,,
20210731,,21,0,1,,,,,,,,,,,1,0,,3120,,10266,,0,,612,0,確定05月配信【7】AppPass(有名ｽﾀﾝﾌﾟ☆取り放題)　仕入,,,1,,,,,,,,,,,,
20210731,,21,0,1,,,,,,,,,,,1,0,,3120,,10267,,0,,532,0,確定05月配信【7】AppPass(有名ｽﾀﾝﾌﾟ☆取り放題)　仕入,,,1,,,,,,,,,,,,
20210731,,21,0,1,,,,,,,,,,,1,0,,3120,,10268,,0,,26,0,確定05月配信【7】AppPass(有名ｽﾀﾝﾌﾟ☆取り放題)　仕入,,,1,,,,,,,,,,,,
20210731,,21,0,1,,,,,,,,,,,1,0,,3120,,10270,,0,,8062,0,確定05月配信【7】AppPass(有名ｽﾀﾝﾌﾟ☆取り放題)　仕入,,,1,,,,,,,,,,,,
20210731,,21,0,1,,,,,,,,,,,1,0,,3120,,10273,,0,,691,0,確定05月配信【7】AppPass(有名ｽﾀﾝﾌﾟ☆取り放題)　仕入,,,1,,,,,,,,,,,,
20210731,,21,0,1,,,,,,,,,,,1,0,,3120,,10274,,0,,718,0,確定05月配信【7】AppPass(有名ｽﾀﾝﾌﾟ☆取り放題)　仕入,,,1,,,,,,,,,,,,
20210731,,21,0,1,,,,,,,,,,,1,0,,3120,,10275,,0,,1836,0,確定05月配信【7】AppPass(有名ｽﾀﾝﾌﾟ☆取り放題)　仕入,,,1,,,,,,,,,,,,
20210731,,21,0,1,,,,,,,,,,,1,0,,3120,,10276,,0,,3273,0,確定05月配信【7】AppPass(有名ｽﾀﾝﾌﾟ☆取り放題)　仕入,,,1,,,,,,,,,,,,
20210731,,21,0,1,,,,,,,,,,,1,0,,3120,,10277,,0,,452,0,確定05月配信【7】AppPass(有名ｽﾀﾝﾌﾟ☆取り放題)　仕入,,,1,,,,,,,,,,,,
20210731,,21,0,1,,,,,,,,,,,1,0,,3120,,10278,,0,,53,0,確定05月配信【7】AppPass(有名ｽﾀﾝﾌﾟ☆取り放題)　仕入,,,1,,,,,,,,,,,,
20210731,,21,0,1,,,,,,,,,,,1,0,,3120,,10280,,0,,8408,0,確定05月配信【7】AppPass(有名ｽﾀﾝﾌﾟ☆取り放題)　仕入,,,1,,,,,,,,,,,,
20210731,,21,0,1,,,,,,,,,,,1,0,,3120,,10281,,0,,12613,0,確定05月配信【7】AppPass(有名ｽﾀﾝﾌﾟ☆取り放題)　仕入,,,1,,,,,,,,,,,,
20210731,,21,0,1,,,,,,,,,,,1,0,,3120,,10283,,0,,10777,0,確定05月配信【7】AppPass(有名ｽﾀﾝﾌﾟ☆取り放題)　仕入,,,1,,,,,,,,,,,,
20210731,,21,0,1,,,,,,,,,,,1,0,,3120,,10284,,0,,8462,0,確定05月配信【7】AppPass(有名ｽﾀﾝﾌﾟ☆取り放題)　仕入,,,1,,,,,,,,,,,,
20210731,,21,0,1,,,,,,,,,,,1,0,,3120,,10285,,0,,10404,0,確定05月配信【7】AppPass(有名ｽﾀﾝﾌﾟ☆取り放題)　仕入,,,1,,,,,,,,,,,,
20210731,,21,0,1,,,,,,,,,,,1,0,,3120,,10286,,0,,5668,0,確定05月配信【7】AppPass(有名ｽﾀﾝﾌﾟ☆取り放題)　仕入,,,1,,,,,,,,,,,,
20210731,,21,0,1,,,,,,,,,,,1,0,,3120,,10287,,0,,53,0,確定05月配信【7】AppPass(有名ｽﾀﾝﾌﾟ☆取り放題)　仕入,,,1,,,,,,,,,,,,
20210731,,21,0,1,,,,,,,,,,,1,0,,3120,,10289,,0,,2740,0,確定05月配信【7】AppPass(有名ｽﾀﾝﾌﾟ☆取り放題)　仕入,,,1,,,,,,,,,,,,
20210731,,21,0,1,,,,,,,,,,,1,0,,3120,,10290,,0,,2634,0,確定05月配信【7】AppPass(有名ｽﾀﾝﾌﾟ☆取り放題)　仕入,,,1,,,,,,,,,,,,
20210731,,21,0,1,,,,,,,,,,,1,0,,3120,,10292,,0,,212,0,確定05月配信【7】AppPass(有名ｽﾀﾝﾌﾟ☆取り放題)　仕入,,,1,,,,,,,,,,,,
20210731,,21,0,1,,,,,,,,,,,1,0,,3120,,10293,,0,,1011,0,確定05月配信【7】AppPass(有名ｽﾀﾝﾌﾟ☆取り放題)　仕入,,,1,,,,,,,,,,,,
20210731,,21,0,1,,,,,,,,,,,1,0,,3120,,10294,,0,,239,0,確定05月配信【7】AppPass(有名ｽﾀﾝﾌﾟ☆取り放題)　仕入,,,1,,,,,,,,,,,,
20210731,,21,0,1,,,,,,,,,,,1,0,,3120,,10295,,0,,798,0,確定05月配信【7】AppPass(有名ｽﾀﾝﾌﾟ☆取り放題)　仕入,,,1,,,,,,,,,,,,
20210731,,21,0,1,,,,,,,,,,,1,0,,3120,,10298,,0,,11282,0,確定05月配信【7】AppPass(有名ｽﾀﾝﾌﾟ☆取り放題)　仕入,,,1,,,,,,,,,,,,
20210731,,21,0,1,,,,,,,,,,,1,0,,3120,,10299,,0,,4417,0,確定05月配信【7】AppPass(有名ｽﾀﾝﾌﾟ☆取り放題)　仕入,,,1,,,,,,,,,,,,
20210731,,21,0,1,,,,,,,,,,,1,0,,3120,,10302,,0,,106,0,確定05月配信【7】AppPass(有名ｽﾀﾝﾌﾟ☆取り放題)　仕入,,,1,,,,,,,,,,,,
20210731,,21,0,1,,,,,,,,,,,1,0,,3120,,10303,,0,,53,0,確定05月配信【7】AppPass(有名ｽﾀﾝﾌﾟ☆取り放題)　仕入,,,1,,,,,,,,,,,,
20210731,,21,0,1,,,,,,,,,,,1,0,,3120,,10304,,0,,6173,0,確定05月配信【7】AppPass(有名ｽﾀﾝﾌﾟ☆取り放題)　仕入,,,1,,,,,,,,,,,,
20210731,,21,0,1,,,,,,,,,,,1,0,,3120,,10306,,0,,14822,0,確定05月配信【7】AppPass(有名ｽﾀﾝﾌﾟ☆取り放題)　仕入,,,1,,,,,,,,,,,,
20210731,,21,0,1,,,,,,,,,,,1,0,,3120,,10307,,0,,452,0,確定05月配信【7】AppPass(有名ｽﾀﾝﾌﾟ☆取り放題)　仕入,,,1,,,,,,,,,,,,
20210731,,21,0,1,,,,,,,,,,,1,0,,3120,,10311,,0,,505,0,確定05月配信【7】AppPass(有名ｽﾀﾝﾌﾟ☆取り放題)　仕入,,,1,,,,,,,,,,,,
20210731,,21,0,1,,,,,,,,,,,1,0,,3120,,10313,,0,,3991,0,確定05月配信【7】AppPass(有名ｽﾀﾝﾌﾟ☆取り放題)　仕入,,,1,,,,,,,,,,,,
20210731,,21,0,1,,,,,,,,,,,1,0,,3120,,10318,,0,,399,0,確定05月配信【7】AppPass(有名ｽﾀﾝﾌﾟ☆取り放題)　仕入,,,1,,,,,,,,,,,,
20210731,,21,0,1,,,,,,,,,,,1,0,,3120,,10319,,0,,79,0,確定05月配信【7】AppPass(有名ｽﾀﾝﾌﾟ☆取り放題)　仕入,,,1,,,,,,,,,,,,
20210731,,21,0,1,,,,,,,,,,,1,0,,3120,,10320,,0,,4683,0,確定05月配信【7】AppPass(有名ｽﾀﾝﾌﾟ☆取り放題)　仕入,,,1,,,,,,,,,,,,
20210731,,21,0,1,,,,,,,,,,,1,0,,3120,,10321,,0,,7317,0,確定05月配信【7】AppPass(有名ｽﾀﾝﾌﾟ☆取り放題)　仕入,,,1,,,,,,,,,,,,
20210731,,21,0,1,,,,,,,,,,,1,0,,3120,,10322,,0,,292,0,確定05月配信【7】AppPass(有名ｽﾀﾝﾌﾟ☆取り放題)　仕入,,,1,,,,,,,,,,,,
20210731,,21,0,1,,,,,,,,,,,1,0,,3120,,10323,,0,,612,0,確定05月配信【7】AppPass(有名ｽﾀﾝﾌﾟ☆取り放題)　仕入,,,1,,,,,,,,,,,,
20210731,,21,0,1,,,,,,,,,,,1,0,,3120,,10324,,0,,372,0,確定05月配信【7】AppPass(有名ｽﾀﾝﾌﾟ☆取り放題)　仕入,,,1,,,,,,,,,,,,
20210731,,21,0,1,,,,,,,,,,,1,0,,3120,,10325,,0,,1330,0,確定05月配信【7】AppPass(有名ｽﾀﾝﾌﾟ☆取り放題)　仕入,,,1,,,,,,,,,,,,
20210731,,21,0,1,,,,,,,,,,,1,0,,3120,,10326,,0,,505,0,確定05月配信【7】AppPass(有名ｽﾀﾝﾌﾟ☆取り放題)　仕入,,,1,,,,,,,,,,,,
20210731,,21,0,1,,,,,,,,,,,1,0,,3120,,10330,,0,,1995,0,確定05月配信【7】AppPass(有名ｽﾀﾝﾌﾟ☆取り放題)　仕入,,,1,,,,,,,,,,,,
20210731,,21,0,1,000,,5413,,2,,Q5,,2547,0,1,0,,3120,,10015,,0,,148,0,確定05月配信【9】AppPass(壁紙ﾒﾛﾃﾞｨ♪☆取り放題)　仕入,,,1,,,,,,,,,,,,
20210731,,21,0,1,,,,,,,,,,,1,0,,3120,,10033,,0,,324,0,確定05月配信【9】AppPass(壁紙ﾒﾛﾃﾞｨ♪☆取り放題)　仕入,,,1,,,,,,,,,,,,
20210731,,21,0,1,,,,,,,,,,,1,0,,3120,,10086,,0,,63,0,確定05月配信【9】AppPass(壁紙ﾒﾛﾃﾞｨ♪☆取り放題)　仕入,,,1,,,,,,,,,,,,
20210731,,21,0,1,,,,,,,,,,,1,0,,3120,,10099,,0,,201,0,確定05月配信【9】AppPass(壁紙ﾒﾛﾃﾞｨ♪☆取り放題)　仕入,,,1,,,,,,,,,,,,
20210731,,21,0,1,,,,,,,,,,,1,0,,3120,,10153,,0,,919,0,確定05月配信【9】AppPass(壁紙ﾒﾛﾃﾞｨ♪☆取り放題)　仕入,,,1,,,,,,,,,,,,
20210731,,21,0,1,,,,,,,,,,,1,0,,3120,,10229,,0,,411,0,確定05月配信【9】AppPass(壁紙ﾒﾛﾃﾞｨ♪☆取り放題)　仕入,,,1,,,,,,,,,,,,
20210731,,21,0,1,,,,,,,,,,,1,0,,3120,,10274,,0,,199,0,確定05月配信【9】AppPass(壁紙ﾒﾛﾃﾞｨ♪☆取り放題)　仕入,,,1,,,,,,,,,,,,
20210731,,21,0,1,,,,,,,,,,,1,0,,3120,,10276,,0,,275,0,確定05月配信【9】AppPass(壁紙ﾒﾛﾃﾞｨ♪☆取り放題)　仕入,,,1,,,,,,,,,,,,
20210731,,21,0,1,,,,,,,,,,,1,0,,3120,,10281,,0,,7,0,確定05月配信【9】AppPass(壁紙ﾒﾛﾃﾞｨ♪☆取り放題)　仕入,,,1,,,,,,,,,,,,
20210731,,21,0,1,000,,5413,,2,,Q5,,121,0,1,0,,3120,,10015,,0,,22,0,確定05月配信【10】AppPass(声優ﾎﾞｲｽ&ﾒﾛﾃﾞｨｱﾗｰﾑ>ﾎﾞｲｽﾊﾟｰﾄﾅｰ)　仕入,,,1,,,,,,,,,,,,
20210731,,21,0,1,,,,,,,,,,,1,0,,3120,,10223,,0,,99,0,確定05月配信【10】AppPass(声優ﾎﾞｲｽ&ﾒﾛﾃﾞｨｱﾗｰﾑ>ﾎﾞｲｽﾊﾟｰﾄﾅｰ)　仕入,,,1,,,,,,,,,,,,
20210731,,21,0,1,000,,5413,,2,,Q5,,22418,0,1,0,,3120,,10009,,0,,716,0,確定05月配信【11】AppPass(ｽﾀﾝﾌﾟ&きせかえｷｰﾎﾞｰﾄﾞ)　仕入,,,1,,,,,,,,,,,,
20210731,,21,0,1,,,,,,,,,,,1,0,,3120,,10010,,0,,173,0,確定05月配信【11】AppPass(ｽﾀﾝﾌﾟ&きせかえｷｰﾎﾞｰﾄﾞ)　仕入,,,1,,,,,,,,,,,,
20210731,,21,0,1,,,,,,,,,,,1,0,,3120,,10013,,0,,58,0,確定05月配信【11】AppPass(ｽﾀﾝﾌﾟ&きせかえｷｰﾎﾞｰﾄﾞ)　仕入,,,1,,,,,,,,,,,,
20210731,,21,0,1,,,,,,,,,,,1,0,,3120,,10015,,0,,705,0,確定05月配信【11】AppPass(ｽﾀﾝﾌﾟ&きせかえｷｰﾎﾞｰﾄﾞ)　仕入,,,1,,,,,,,,,,,,
20210731,,21,0,1,,,,,,,,,,,1,0,,3120,,10018,,0,,249,0,確定05月配信【11】AppPass(ｽﾀﾝﾌﾟ&きせかえｷｰﾎﾞｰﾄﾞ)　仕入,,,1,,,,,,,,,,,,
20210731,,21,0,1,,,,,,,,,,,1,0,,3120,,10019,,0,,728,0,確定05月配信【11】AppPass(ｽﾀﾝﾌﾟ&きせかえｷｰﾎﾞｰﾄﾞ)　仕入,,,1,,,,,,,,,,,,
20210731,,21,0,1,,,,,,,,,,,1,0,,3120,,10020,,0,,359,0,確定05月配信【11】AppPass(ｽﾀﾝﾌﾟ&きせかえｷｰﾎﾞｰﾄﾞ)　仕入,,,1,,,,,,,,,,,,
20210731,,21,0,1,,,,,,,,,,,1,0,,3120,,10021,,0,,11,0,確定05月配信【11】AppPass(ｽﾀﾝﾌﾟ&きせかえｷｰﾎﾞｰﾄﾞ)　仕入,,,1,,,,,,,,,,,,
20210731,,21,0,1,,,,,,,,,,,1,0,,3120,,10022,,0,,6,0,確定05月配信【11】AppPass(ｽﾀﾝﾌﾟ&きせかえｷｰﾎﾞｰﾄﾞ)　仕入,,,1,,,,,,,,,,,,
20210731,,21,0,1,,,,,,,,,,,1,0,,3120,,10023,,0,,13,0,確定05月配信【11】AppPass(ｽﾀﾝﾌﾟ&きせかえｷｰﾎﾞｰﾄﾞ)　仕入,,,1,,,,,,,,,,,,
20210731,,21,0,1,,,,,,,,,,,1,0,,3120,,10024,,0,,17,0,確定05月配信【11】AppPass(ｽﾀﾝﾌﾟ&きせかえｷｰﾎﾞｰﾄﾞ)　仕入,,,1,,,,,,,,,,,,
20210731,,21,0,1,,,,,,,,,,,1,0,,3120,,10026,,0,,38,0,確定05月配信【11】AppPass(ｽﾀﾝﾌﾟ&きせかえｷｰﾎﾞｰﾄﾞ)　仕入,,,1,,,,,,,,,,,,
20210731,,21,0,1,,,,,,,,,,,1,0,,3120,,10033,,0,,537,0,確定05月配信【11】AppPass(ｽﾀﾝﾌﾟ&きせかえｷｰﾎﾞｰﾄﾞ)　仕入,,,1,,,,,,,,,,,,
20210731,,21,0,1,,,,,,,,,,,1,0,,3120,,10035,,0,,47,0,確定05月配信【11】AppPass(ｽﾀﾝﾌﾟ&きせかえｷｰﾎﾞｰﾄﾞ)　仕入,,,1,,,,,,,,,,,,
20210731,,21,0,1,,,,,,,,,,,1,0,,3120,,10039,,0,,44,0,確定05月配信【11】AppPass(ｽﾀﾝﾌﾟ&きせかえｷｰﾎﾞｰﾄﾞ)　仕入,,,1,,,,,,,,,,,,
20210731,,21,0,1,,,,,,,,,,,1,0,,3120,,10040,,0,,29,0,確定05月配信【11】AppPass(ｽﾀﾝﾌﾟ&きせかえｷｰﾎﾞｰﾄﾞ)　仕入,,,1,,,,,,,,,,,,
20210731,,21,0,1,,,,,,,,,,,1,0,,3120,,10041,,0,,20,0,確定05月配信【11】AppPass(ｽﾀﾝﾌﾟ&きせかえｷｰﾎﾞｰﾄﾞ)　仕入,,,1,,,,,,,,,,,,
20210731,,21,0,1,,,,,,,,,,,1,0,,3120,,10052,,0,,65,0,確定05月配信【11】AppPass(ｽﾀﾝﾌﾟ&きせかえｷｰﾎﾞｰﾄﾞ)　仕入,,,1,,,,,,,,,,,,
20210731,,21,0,1,,,,,,,,,,,1,0,,3120,,10053,,0,,29,0,確定05月配信【11】AppPass(ｽﾀﾝﾌﾟ&きせかえｷｰﾎﾞｰﾄﾞ)　仕入,,,1,,,,,,,,,,,,
20210731,,21,0,1,,,,,,,,,,,1,0,,3120,,10056,,0,,2,0,確定05月配信【11】AppPass(ｽﾀﾝﾌﾟ&きせかえｷｰﾎﾞｰﾄﾞ)　仕入,,,1,,,,,,,,,,,,
20210731,,21,0,1,,,,,,,,,,,1,0,,3120,,10059,,0,,13,0,確定05月配信【11】AppPass(ｽﾀﾝﾌﾟ&きせかえｷｰﾎﾞｰﾄﾞ)　仕入,,,1,,,,,,,,,,,,
20210731,,21,0,1,,,,,,,,,,,1,0,,3120,,10061,,0,,13,0,確定05月配信【11】AppPass(ｽﾀﾝﾌﾟ&きせかえｷｰﾎﾞｰﾄﾞ)　仕入,,,1,,,,,,,,,,,,
20210731,,21,0,1,,,,,,,,,,,1,0,,3120,,10062,,0,,195,0,確定05月配信【11】AppPass(ｽﾀﾝﾌﾟ&きせかえｷｰﾎﾞｰﾄﾞ)　仕入,,,1,,,,,,,,,,,,
20210731,,21,0,1,,,,,,,,,,,1,0,,3120,,10064,,0,,40,0,確定05月配信【11】AppPass(ｽﾀﾝﾌﾟ&きせかえｷｰﾎﾞｰﾄﾞ)　仕入,,,1,,,,,,,,,,,,
20210731,,21,0,1,,,,,,,,,,,1,0,,3120,,10065,,0,,17,0,確定05月配信【11】AppPass(ｽﾀﾝﾌﾟ&きせかえｷｰﾎﾞｰﾄﾞ)　仕入,,,1,,,,,,,,,,,,
20210731,,21,0,1,,,,,,,,,,,1,0,,3120,,10067,,0,,20,0,確定05月配信【11】AppPass(ｽﾀﾝﾌﾟ&きせかえｷｰﾎﾞｰﾄﾞ)　仕入,,,1,,,,,,,,,,,,
20210731,,21,0,1,,,,,,,,,,,1,0,,3120,,10068,,0,,31,0,確定05月配信【11】AppPass(ｽﾀﾝﾌﾟ&きせかえｷｰﾎﾞｰﾄﾞ)　仕入,,,1,,,,,,,,,,,,
20210731,,21,0,1,,,,,,,,,,,1,0,,3120,,10070,,0,,6,0,確定05月配信【11】AppPass(ｽﾀﾝﾌﾟ&きせかえｷｰﾎﾞｰﾄﾞ)　仕入,,,1,,,,,,,,,,,,
20210731,,21,0,1,,,,,,,,,,,1,0,,3120,,10074,,0,,15,0,確定05月配信【11】AppPass(ｽﾀﾝﾌﾟ&きせかえｷｰﾎﾞｰﾄﾞ)　仕入,,,1,,,,,,,,,,,,
20210731,,21,0,1,,,,,,,,,,,1,0,,3120,,10075,,0,,65,0,確定05月配信【11】AppPass(ｽﾀﾝﾌﾟ&きせかえｷｰﾎﾞｰﾄﾞ)　仕入,,,1,,,,,,,,,,,,
20210731,,21,0,1,,,,,,,,,,,1,0,,3120,,10081,,0,,13,0,確定05月配信【11】AppPass(ｽﾀﾝﾌﾟ&きせかえｷｰﾎﾞｰﾄﾞ)　仕入,,,1,,,,,,,,,,,,
20210731,,21,0,1,,,,,,,,,,,1,0,,3120,,10084,,0,,139,0,確定05月配信【11】AppPass(ｽﾀﾝﾌﾟ&きせかえｷｰﾎﾞｰﾄﾞ)　仕入,,,1,,,,,,,,,,,,
20210731,,21,0,1,,,,,,,,,,,1,0,,3120,,10086,,0,,58,0,確定05月配信【11】AppPass(ｽﾀﾝﾌﾟ&きせかえｷｰﾎﾞｰﾄﾞ)　仕入,,,1,,,,,,,,,,,,
20210731,,21,0,1,,,,,,,,,,,1,0,,3120,,10090,,0,,42,0,確定05月配信【11】AppPass(ｽﾀﾝﾌﾟ&きせかえｷｰﾎﾞｰﾄﾞ)　仕入,,,1,,,,,,,,,,,,
20210731,,21,0,1,,,,,,,,,,,1,0,,3120,,10093,,0,,155,0,確定05月配信【11】AppPass(ｽﾀﾝﾌﾟ&きせかえｷｰﾎﾞｰﾄﾞ)　仕入,,,1,,,,,,,,,,,,
20210731,,21,0,1,,,,,,,,,,,1,0,,3120,,10096,,0,,35,0,確定05月配信【11】AppPass(ｽﾀﾝﾌﾟ&きせかえｷｰﾎﾞｰﾄﾞ)　仕入,,,1,,,,,,,,,,,,
20210731,,21,0,1,,,,,,,,,,,1,0,,3120,,10099,,0,,384,0,確定05月配信【11】AppPass(ｽﾀﾝﾌﾟ&きせかえｷｰﾎﾞｰﾄﾞ)　仕入,,,1,,,,,,,,,,,,
20210731,,21,0,1,,,,,,,,,,,1,0,,3120,,10102,,0,,20,0,確定05月配信【11】AppPass(ｽﾀﾝﾌﾟ&きせかえｷｰﾎﾞｰﾄﾞ)　仕入,,,1,,,,,,,,,,,,
20210731,,21,0,1,,,,,,,,,,,1,0,,3120,,10103,,0,,24,0,確定05月配信【11】AppPass(ｽﾀﾝﾌﾟ&きせかえｷｰﾎﾞｰﾄﾞ)　仕入,,,1,,,,,,,,,,,,
20210731,,21,0,1,,,,,,,,,,,1,0,,3120,,10104,,0,,366,0,確定05月配信【11】AppPass(ｽﾀﾝﾌﾟ&きせかえｷｰﾎﾞｰﾄﾞ)　仕入,,,1,,,,,,,,,,,,
20210731,,21,0,1,,,,,,,,,,,1,0,,3120,,10110,,0,,24,0,確定05月配信【11】AppPass(ｽﾀﾝﾌﾟ&きせかえｷｰﾎﾞｰﾄﾞ)　仕入,,,1,,,,,,,,,,,,
20210731,,21,0,1,,,,,,,,,,,1,0,,3120,,10113,,0,,38,0,確定05月配信【11】AppPass(ｽﾀﾝﾌﾟ&きせかえｷｰﾎﾞｰﾄﾞ)　仕入,,,1,,,,,,,,,,,,
20210731,,21,0,1,,,,,,,,,,,1,0,,3120,,10116,,0,,6,0,確定05月配信【11】AppPass(ｽﾀﾝﾌﾟ&きせかえｷｰﾎﾞｰﾄﾞ)　仕入,,,1,,,,,,,,,,,,
20210731,,21,0,1,,,,,,,,,,,1,0,,3120,,10117,,0,,359,0,確定05月配信【11】AppPass(ｽﾀﾝﾌﾟ&きせかえｷｰﾎﾞｰﾄﾞ)　仕入,,,1,,,,,,,,,,,,
20210731,,21,0,1,,,,,,,,,,,1,0,,3120,,10118,,0,,519,0,確定05月配信【11】AppPass(ｽﾀﾝﾌﾟ&きせかえｷｰﾎﾞｰﾄﾞ)　仕入,,,1,,,,,,,,,,,,
20210731,,21,0,1,,,,,,,,,,,1,0,,3120,,10128,,0,,15,0,確定05月配信【11】AppPass(ｽﾀﾝﾌﾟ&きせかえｷｰﾎﾞｰﾄﾞ)　仕入,,,1,,,,,,,,,,,,
20210731,,21,0,1,,,,,,,,,,,1,0,,3120,,10138,,0,,125,0,確定05月配信【11】AppPass(ｽﾀﾝﾌﾟ&きせかえｷｰﾎﾞｰﾄﾞ)　仕入,,,1,,,,,,,,,,,,
20210731,,21,0,1,,,,,,,,,,,1,0,,3120,,10140,,0,,38,0,確定05月配信【11】AppPass(ｽﾀﾝﾌﾟ&きせかえｷｰﾎﾞｰﾄﾞ)　仕入,,,1,,,,,,,,,,,,
20210731,,21,0,1,,,,,,,,,,,1,0,,3120,,10146,,0,,22,0,確定05月配信【11】AppPass(ｽﾀﾝﾌﾟ&きせかえｷｰﾎﾞｰﾄﾞ)　仕入,,,1,,,,,,,,,,,,
20210731,,21,0,1,,,,,,,,,,,1,0,,3120,,10153,,0,,1489,0,確定05月配信【11】AppPass(ｽﾀﾝﾌﾟ&きせかえｷｰﾎﾞｰﾄﾞ)　仕入,,,1,,,,,,,,,,,,
20210731,,21,0,1,,,,,,,,,,,1,0,,3120,,10174,,0,,325,0,確定05月配信【11】AppPass(ｽﾀﾝﾌﾟ&きせかえｷｰﾎﾞｰﾄﾞ)　仕入,,,1,,,,,,,,,,,,
20210731,,21,0,1,,,,,,,,,,,1,0,,3120,,10205,,0,,116,0,確定05月配信【11】AppPass(ｽﾀﾝﾌﾟ&きせかえｷｰﾎﾞｰﾄﾞ)　仕入,,,1,,,,,,,,,,,,
20210731,,21,0,1,,,,,,,,,,,1,0,,3120,,10218,,0,,65,0,確定05月配信【11】AppPass(ｽﾀﾝﾌﾟ&きせかえｷｰﾎﾞｰﾄﾞ)　仕入,,,1,,,,,,,,,,,,
20210731,,21,0,1,,,,,,,,,,,1,0,,3120,,10219,,0,,164,0,確定05月配信【11】AppPass(ｽﾀﾝﾌﾟ&きせかえｷｰﾎﾞｰﾄﾞ)　仕入,,,1,,,,,,,,,,,,
20210731,,21,0,1,,,,,,,,,,,1,0,,3120,,10220,,0,,2,0,確定05月配信【11】AppPass(ｽﾀﾝﾌﾟ&きせかえｷｰﾎﾞｰﾄﾞ)　仕入,,,1,,,,,,,,,,,,
20210731,,21,0,1,,,,,,,,,,,1,0,,3120,,10223,,0,,8,0,確定05月配信【11】AppPass(ｽﾀﾝﾌﾟ&きせかえｷｰﾎﾞｰﾄﾞ)　仕入,,,1,,,,,,,,,,,,
20210731,,21,0,1,,,,,,,,,,,1,0,,3120,,10229,,0,,206,0,確定05月配信【11】AppPass(ｽﾀﾝﾌﾟ&きせかえｷｰﾎﾞｰﾄﾞ)　仕入,,,1,,,,,,,,,,,,
20210731,,21,0,1,,,,,,,,,,,1,0,,3120,,10232,,0,,579,0,確定05月配信【11】AppPass(ｽﾀﾝﾌﾟ&きせかえｷｰﾎﾞｰﾄﾞ)　仕入,,,1,,,,,,,,,,,,
20210731,,21,0,1,,,,,,,,,,,1,0,,3120,,10234,,0,,6,0,確定05月配信【11】AppPass(ｽﾀﾝﾌﾟ&きせかえｷｰﾎﾞｰﾄﾞ)　仕入,,,1,,,,,,,,,,,,
20210731,,21,0,1,,,,,,,,,,,1,0,,3120,,10236,,0,,116,0,確定05月配信【11】AppPass(ｽﾀﾝﾌﾟ&きせかえｷｰﾎﾞｰﾄﾞ)　仕入,,,1,,,,,,,,,,,,
20210731,,21,0,1,,,,,,,,,,,1,0,,3120,,10242,,0,,4,0,確定05月配信【11】AppPass(ｽﾀﾝﾌﾟ&きせかえｷｰﾎﾞｰﾄﾞ)　仕入,,,1,,,,,,,,,,,,
20210731,,21,0,1,,,,,,,,,,,1,0,,3120,,10246,,0,,629,0,確定05月配信【11】AppPass(ｽﾀﾝﾌﾟ&きせかえｷｰﾎﾞｰﾄﾞ)　仕入,,,1,,,,,,,,,,,,
20210731,,21,0,1,,,,,,,,,,,1,0,,3120,,10247,,0,,13,0,確定05月配信【11】AppPass(ｽﾀﾝﾌﾟ&きせかえｷｰﾎﾞｰﾄﾞ)　仕入,,,1,,,,,,,,,,,,
20210731,,21,0,1,,,,,,,,,,,1,0,,3120,,10257,,0,,415,0,確定05月配信【11】AppPass(ｽﾀﾝﾌﾟ&きせかえｷｰﾎﾞｰﾄﾞ)　仕入,,,1,,,,,,,,,,,,
20210731,,21,0,1,,,,,,,,,,,1,0,,3120,,10258,,0,,15,0,確定05月配信【11】AppPass(ｽﾀﾝﾌﾟ&きせかえｷｰﾎﾞｰﾄﾞ)　仕入,,,1,,,,,,,,,,,,
20210731,,21,0,1,,,,,,,,,,,1,0,,3120,,10259,,0,,8,0,確定05月配信【11】AppPass(ｽﾀﾝﾌﾟ&きせかえｷｰﾎﾞｰﾄﾞ)　仕入,,,1,,,,,,,,,,,,
20210731,,21,0,1,,,,,,,,,,,1,0,,3120,,10260,,0,,150,0,確定05月配信【11】AppPass(ｽﾀﾝﾌﾟ&きせかえｷｰﾎﾞｰﾄﾞ)　仕入,,,1,,,,,,,,,,,,
20210731,,21,0,1,,,,,,,,,,,1,0,,3120,,10264,,0,,930,0,確定05月配信【11】AppPass(ｽﾀﾝﾌﾟ&きせかえｷｰﾎﾞｰﾄﾞ)　仕入,,,1,,,,,,,,,,,,
20210731,,21,0,1,,,,,,,,,,,1,0,,3120,,10266,,0,,8,0,確定05月配信【11】AppPass(ｽﾀﾝﾌﾟ&きせかえｷｰﾎﾞｰﾄﾞ)　仕入,,,1,,,,,,,,,,,,
20210731,,21,0,1,,,,,,,,,,,1,0,,3120,,10267,,0,,62,0,確定05月配信【11】AppPass(ｽﾀﾝﾌﾟ&きせかえｷｰﾎﾞｰﾄﾞ)　仕入,,,1,,,,,,,,,,,,
20210731,,21,0,1,,,,,,,,,,,1,0,,3120,,10270,,0,,2125,0,確定05月配信【11】AppPass(ｽﾀﾝﾌﾟ&きせかえｷｰﾎﾞｰﾄﾞ)　仕入,,,1,,,,,,,,,,,,
20210731,,21,0,1,,,,,,,,,,,1,0,,3120,,10272,,0,,17,0,確定05月配信【11】AppPass(ｽﾀﾝﾌﾟ&きせかえｷｰﾎﾞｰﾄﾞ)　仕入,,,1,,,,,,,,,,,,
20210731,,21,0,1,,,,,,,,,,,1,0,,3120,,10273,,0,,265,0,確定05月配信【11】AppPass(ｽﾀﾝﾌﾟ&きせかえｷｰﾎﾞｰﾄﾞ)　仕入,,,1,,,,,,,,,,,,
20210731,,21,0,1,,,,,,,,,,,1,0,,3120,,10274,,0,,119,0,確定05月配信【11】AppPass(ｽﾀﾝﾌﾟ&きせかえｷｰﾎﾞｰﾄﾞ)　仕入,,,1,,,,,,,,,,,,
20210731,,21,0,1,,,,,,,,,,,1,0,,3120,,10275,,0,,215,0,確定05月配信【11】AppPass(ｽﾀﾝﾌﾟ&きせかえｷｰﾎﾞｰﾄﾞ)　仕入,,,1,,,,,,,,,,,,
20210731,,21,0,1,,,,,,,,,,,1,0,,3120,,10276,,0,,507,0,確定05月配信【11】AppPass(ｽﾀﾝﾌﾟ&きせかえｷｰﾎﾞｰﾄﾞ)　仕入,,,1,,,,,,,,,,,,
20210731,,21,0,1,,,,,,,,,,,1,0,,3120,,10277,,0,,11,0,確定05月配信【11】AppPass(ｽﾀﾝﾌﾟ&きせかえｷｰﾎﾞｰﾄﾞ)　仕入,,,1,,,,,,,,,,,,
20210731,,21,0,1,,,,,,,,,,,1,0,,3120,,10279,,0,,289,0,確定05月配信【11】AppPass(ｽﾀﾝﾌﾟ&きせかえｷｰﾎﾞｰﾄﾞ)　仕入,,,1,,,,,,,,,,,,
20210731,,21,0,1,,,,,,,,,,,1,0,,3120,,10280,,0,,247,0,確定05月配信【11】AppPass(ｽﾀﾝﾌﾟ&きせかえｷｰﾎﾞｰﾄﾞ)　仕入,,,1,,,,,,,,,,,,
20210731,,21,0,1,,,,,,,,,,,1,0,,3120,,10281,,0,,226,0,確定05月配信【11】AppPass(ｽﾀﾝﾌﾟ&きせかえｷｰﾎﾞｰﾄﾞ)　仕入,,,1,,,,,,,,,,,,
20210731,,21,0,1,,,,,,,,,,,1,0,,3120,,10282,,0,,15,0,確定05月配信【11】AppPass(ｽﾀﾝﾌﾟ&きせかえｷｰﾎﾞｰﾄﾞ)　仕入,,,1,,,,,,,,,,,,
20210731,,21,0,1,,,,,,,,,,,1,0,,3120,,10283,,0,,1152,0,確定05月配信【11】AppPass(ｽﾀﾝﾌﾟ&きせかえｷｰﾎﾞｰﾄﾞ)　仕入,,,1,,,,,,,,,,,,
20210731,,21,0,1,,,,,,,,,,,1,0,,3120,,10284,,0,,229,0,確定05月配信【11】AppPass(ｽﾀﾝﾌﾟ&きせかえｷｰﾎﾞｰﾄﾞ)　仕入,,,1,,,,,,,,,,,,
20210731,,21,0,1,,,,,,,,,,,1,0,,3120,,10285,,0,,164,0,確定05月配信【11】AppPass(ｽﾀﾝﾌﾟ&きせかえｷｰﾎﾞｰﾄﾞ)　仕入,,,1,,,,,,,,,,,,
20210731,,21,0,1,,,,,,,,,,,1,0,,3120,,10286,,0,,763,0,確定05月配信【11】AppPass(ｽﾀﾝﾌﾟ&きせかえｷｰﾎﾞｰﾄﾞ)　仕入,,,1,,,,,,,,,,,,
20210731,,21,0,1,,,,,,,,,,,1,0,,3120,,10287,,0,,4,0,確定05月配信【11】AppPass(ｽﾀﾝﾌﾟ&きせかえｷｰﾎﾞｰﾄﾞ)　仕入,,,1,,,,,,,,,,,,
20210731,,21,0,1,,,,,,,,,,,1,0,,3120,,10290,,0,,211,0,確定05月配信【11】AppPass(ｽﾀﾝﾌﾟ&きせかえｷｰﾎﾞｰﾄﾞ)　仕入,,,1,,,,,,,,,,,,
20210731,,21,0,1,,,,,,,,,,,1,0,,3120,,10292,,0,,739,0,確定05月配信【11】AppPass(ｽﾀﾝﾌﾟ&きせかえｷｰﾎﾞｰﾄﾞ)　仕入,,,1,,,,,,,,,,,,
20210731,,21,0,1,,,,,,,,,,,1,0,,3120,,10293,,0,,155,0,確定05月配信【11】AppPass(ｽﾀﾝﾌﾟ&きせかえｷｰﾎﾞｰﾄﾞ)　仕入,,,1,,,,,,,,,,,,
20210731,,21,0,1,,,,,,,,,,,1,0,,3120,,10294,,0,,543,0,確定05月配信【11】AppPass(ｽﾀﾝﾌﾟ&きせかえｷｰﾎﾞｰﾄﾞ)　仕入,,,1,,,,,,,,,,,,
20210731,,21,0,1,,,,,,,,,,,1,0,,3120,,10298,,0,,370,0,確定05月配信【11】AppPass(ｽﾀﾝﾌﾟ&きせかえｷｰﾎﾞｰﾄﾞ)　仕入,,,1,,,,,,,,,,,,
20210731,,21,0,1,,,,,,,,,,,1,0,,3120,,10299,,0,,251,0,確定05月配信【11】AppPass(ｽﾀﾝﾌﾟ&きせかえｷｰﾎﾞｰﾄﾞ)　仕入,,,1,,,,,,,,,,,,
20210731,,21,0,1,,,,,,,,,,,1,0,,3120,,10302,,0,,6,0,確定05月配信【11】AppPass(ｽﾀﾝﾌﾟ&きせかえｷｰﾎﾞｰﾄﾞ)　仕入,,,1,,,,,,,,,,,,
20210731,,21,0,1,,,,,,,,,,,1,0,,3120,,10304,,0,,433,0,確定05月配信【11】AppPass(ｽﾀﾝﾌﾟ&きせかえｷｰﾎﾞｰﾄﾞ)　仕入,,,1,,,,,,,,,,,,
20210731,,21,0,1,,,,,,,,,,,1,0,,3120,,10306,,0,,613,0,確定05月配信【11】AppPass(ｽﾀﾝﾌﾟ&きせかえｷｰﾎﾞｰﾄﾞ)　仕入,,,1,,,,,,,,,,,,
20210731,,21,0,1,,,,,,,,,,,1,0,,3120,,10307,,0,,355,0,確定05月配信【11】AppPass(ｽﾀﾝﾌﾟ&きせかえｷｰﾎﾞｰﾄﾞ)　仕入,,,1,,,,,,,,,,,,
20210731,,21,0,1,,,,,,,,,,,1,0,,3120,,10308,,0,,26,0,確定05月配信【11】AppPass(ｽﾀﾝﾌﾟ&きせかえｷｰﾎﾞｰﾄﾞ)　仕入,,,1,,,,,,,,,,,,
20210731,,21,0,1,,,,,,,,,,,1,0,,3120,,10313,,0,,92,0,確定05月配信【11】AppPass(ｽﾀﾝﾌﾟ&きせかえｷｰﾎﾞｰﾄﾞ)　仕入,,,1,,,,,,,,,,,,
20210731,,21,0,1,,,,,,,,,,,1,0,,3120,,10318,,0,,85,0,確定05月配信【11】AppPass(ｽﾀﾝﾌﾟ&きせかえｷｰﾎﾞｰﾄﾞ)　仕入,,,1,,,,,,,,,,,,
20210731,,21,0,1,,,,,,,,,,,1,0,,3120,,10319,,0,,71,0,確定05月配信【11】AppPass(ｽﾀﾝﾌﾟ&きせかえｷｰﾎﾞｰﾄﾞ)　仕入,,,1,,,,,,,,,,,,
20210731,,21,0,1,,,,,,,,,,,1,0,,3120,,10321,,0,,159,0,確定05月配信【11】AppPass(ｽﾀﾝﾌﾟ&きせかえｷｰﾎﾞｰﾄﾞ)　仕入,,,1,,,,,,,,,,,,
20210731,,21,0,1,,,,,,,,,,,1,0,,3120,,10324,,0,,8,0,確定05月配信【11】AppPass(ｽﾀﾝﾌﾟ&きせかえｷｰﾎﾞｰﾄﾞ)　仕入,,,1,,,,,,,,,,,,
20210731,,21,0,1,000,,5413,,2,,Q5,,31610,0,1,0,,3120,,10009,,0,,1282,0,確定05月配信【12】Ａｐｐｌｅ(iMessage)　仕入,,,1,,,,,,,,,,,,
20210731,,21,0,1,,,,,,,,,,,1,0,,3120,,10013,,0,,422,0,確定05月配信【12】Ａｐｐｌｅ(iMessage)　仕入,,,1,,,,,,,,,,,,
20210731,,21,0,1,,,,,,,,,,,1,0,,3120,,10015,,0,,4436,0,確定05月配信【12】Ａｐｐｌｅ(iMessage)　仕入,,,1,,,,,,,,,,,,
20210731,,21,0,1,,,,,,,,,,,1,0,,3120,,10019,,0,,705,0,確定05月配信【12】Ａｐｐｌｅ(iMessage)　仕入,,,1,,,,,,,,,,,,
20210731,,21,0,1,,,,,,,,,,,1,0,,3120,,10020,,0,,514,0,確定05月配信【12】Ａｐｐｌｅ(iMessage)　仕入,,,1,,,,,,,,,,,,
20210731,,21,0,1,,,,,,,,,,,1,0,,3120,,10024,,0,,5221,0,確定05月配信【12】Ａｐｐｌｅ(iMessage)　仕入,,,1,,,,,,,,,,,,
20210731,,21,0,1,,,,,,,,,,,1,0,,3120,,10026,,0,,57,0,確定05月配信【12】Ａｐｐｌｅ(iMessage)　仕入,,,1,,,,,,,,,,,,
20210731,,21,0,1,,,,,,,,,,,1,0,,3120,,10033,,0,,91,0,確定05月配信【12】Ａｐｐｌｅ(iMessage)　仕入,,,1,,,,,,,,,,,,
20210731,,21,0,1,,,,,,,,,,,1,0,,3120,,10043,,0,,6024,0,確定05月配信【12】Ａｐｐｌｅ(iMessage)　仕入,,,1,,,,,,,,,,,,
20210731,,21,0,1,,,,,,,,,,,1,0,,3120,,10052,,0,,1107,0,確定05月配信【12】Ａｐｐｌｅ(iMessage)　仕入,,,1,,,,,,,,,,,,
20210731,,21,0,1,,,,,,,,,,,1,0,,3120,,10059,,0,,30,0,確定05月配信【12】Ａｐｐｌｅ(iMessage)　仕入,,,1,,,,,,,,,,,,
20210731,,21,0,1,,,,,,,,,,,1,0,,3120,,10062,,0,,421,0,確定05月配信【12】Ａｐｐｌｅ(iMessage)　仕入,,,1,,,,,,,,,,,,
20210731,,21,0,1,,,,,,,,,,,1,0,,3120,,10065,,0,,233,0,確定05月配信【12】Ａｐｐｌｅ(iMessage)　仕入,,,1,,,,,,,,,,,,
20210731,,21,0,1,,,,,,,,,,,1,0,,3120,,10074,,0,,182,0,確定05月配信【12】Ａｐｐｌｅ(iMessage)　仕入,,,1,,,,,,,,,,,,
20210731,,21,0,1,,,,,,,,,,,1,0,,3120,,10086,,0,,1240,0,確定05月配信【12】Ａｐｐｌｅ(iMessage)　仕入,,,1,,,,,,,,,,,,
20210731,,21,0,1,,,,,,,,,,,1,0,,3120,,10090,,0,,56,0,確定05月配信【12】Ａｐｐｌｅ(iMessage)　仕入,,,1,,,,,,,,,,,,
20210731,,21,0,1,,,,,,,,,,,1,0,,3120,,10096,,0,,213,0,確定05月配信【12】Ａｐｐｌｅ(iMessage)　仕入,,,1,,,,,,,,,,,,
20210731,,21,0,1,,,,,,,,,,,1,0,,3120,,10117,,0,,63,0,確定05月配信【12】Ａｐｐｌｅ(iMessage)　仕入,,,1,,,,,,,,,,,,
20210731,,21,0,1,,,,,,,,,,,1,0,,3120,,10118,,0,,931,0,確定05月配信【12】Ａｐｐｌｅ(iMessage)　仕入,,,1,,,,,,,,,,,,
20210731,,21,0,1,,,,,,,,,,,1,0,,3120,,10146,,0,,397,0,確定05月配信【12】Ａｐｐｌｅ(iMessage)　仕入,,,1,,,,,,,,,,,,
20210731,,21,0,1,,,,,,,,,,,1,0,,3120,,10150,,0,,331,0,確定05月配信【12】Ａｐｐｌｅ(iMessage)　仕入,,,1,,,,,,,,,,,,
20210731,,21,0,1,,,,,,,,,,,1,0,,3120,,10153,,0,,1494,0,確定05月配信【12】Ａｐｐｌｅ(iMessage)　仕入,,,1,,,,,,,,,,,,
20210731,,21,0,1,,,,,,,,,,,1,0,,3120,,10210,,0,,27,0,確定05月配信【12】Ａｐｐｌｅ(iMessage)　仕入,,,1,,,,,,,,,,,,
20210731,,21,0,1,,,,,,,,,,,1,0,,3120,,10218,,0,,1297,0,確定05月配信【12】Ａｐｐｌｅ(iMessage)　仕入,,,1,,,,,,,,,,,,
20210731,,21,0,1,,,,,,,,,,,1,0,,3120,,10223,,0,,1124,0,確定05月配信【12】Ａｐｐｌｅ(iMessage)　仕入,,,1,,,,,,,,,,,,
20210731,,21,0,1,,,,,,,,,,,1,0,,3120,,10236,,0,,88,0,確定05月配信【12】Ａｐｐｌｅ(iMessage)　仕入,,,1,,,,,,,,,,,,
20210731,,21,0,1,,,,,,,,,,,1,0,,3120,,10257,,0,,59,0,確定05月配信【12】Ａｐｐｌｅ(iMessage)　仕入,,,1,,,,,,,,,,,,
20210731,,21,0,1,,,,,,,,,,,1,0,,3120,,10260,,0,,1039,0,確定05月配信【12】Ａｐｐｌｅ(iMessage)　仕入,,,1,,,,,,,,,,,,
20210731,,21,0,1,,,,,,,,,,,1,0,,3120,,10267,,0,,27,0,確定05月配信【12】Ａｐｐｌｅ(iMessage)　仕入,,,1,,,,,,,,,,,,
20210731,,21,0,1,,,,,,,,,,,1,0,,3120,,10270,,0,,187,0,確定05月配信【12】Ａｐｐｌｅ(iMessage)　仕入,,,1,,,,,,,,,,,,
20210731,,21,0,1,,,,,,,,,,,1,0,,3120,,10274,,0,,423,0,確定05月配信【12】Ａｐｐｌｅ(iMessage)　仕入,,,1,,,,,,,,,,,,
20210731,,21,0,1,,,,,,,,,,,1,0,,3120,,10276,,0,,181,0,確定05月配信【12】Ａｐｐｌｅ(iMessage)　仕入,,,1,,,,,,,,,,,,
20210731,,21,0,1,,,,,,,,,,,1,0,,3120,,10281,,0,,1098,0,確定05月配信【12】Ａｐｐｌｅ(iMessage)　仕入,,,1,,,,,,,,,,,,
20210731,,21,0,1,,,,,,,,,,,1,0,,3120,,10313,,0,,610,0,確定05月配信【12】Ａｐｐｌｅ(iMessage)　仕入,,,1,,,,,,,,,,,,
20210731,,21,0,1,000,,5413,,2,,Q5,,148180,0,1,0,,3120,,10006,,0,,163,0,確定06月 配信【13】-【17】【33】【38】【PUSH】全て 仕入,,,1,,,,,,,,,,,,
20210731,,21,0,1,,,,,,,,,,,1,0,,3120,,10009,,0,,2075,0,確定06月 配信【13】-【17】【33】【38】【PUSH】全て 仕入,,,1,,,,,,,,,,,,
20210731,,21,0,1,,,,,,,,,,,1,0,,3120,,10010,,0,,1082,0,確定06月 配信【13】-【17】【33】【38】【PUSH】全て 仕入,,,1,,,,,,,,,,,,
20210731,,21,0,1,,,,,,,,,,,1,0,,3120,,10015,,0,,6611,0,確定06月 配信【13】-【17】【33】【38】【PUSH】全て 仕入,,,1,,,,,,,,,,,,
20210731,,21,0,1,,,,,,,,,,,1,0,,3120,,10018,,0,,2149,0,確定06月 配信【13】-【17】【33】【38】【PUSH】全て 仕入,,,1,,,,,,,,,,,,
20210731,,21,0,1,,,,,,,,,,,1,0,,3120,,10019,,0,,993,0,確定06月 配信【13】-【17】【33】【38】【PUSH】全て 仕入,,,1,,,,,,,,,,,,
20210731,,21,0,1,,,,,,,,,,,1,0,,3120,,10020,,0,,6225,0,確定06月 配信【13】-【17】【33】【38】【PUSH】全て 仕入,,,1,,,,,,,,,,,,
20210731,,21,0,1,,,,,,,,,,,1,0,,3120,,10021,,0,,192,0,確定06月 配信【13】-【17】【33】【38】【PUSH】全て 仕入,,,1,,,,,,,,,,,,
20210731,,21,0,1,,,,,,,,,,,1,0,,3120,,10022,,0,,14,0,確定06月 配信【13】-【17】【33】【38】【PUSH】全て 仕入,,,1,,,,,,,,,,,,
20210731,,21,0,1,,,,,,,,,,,1,0,,3120,,10023,,0,,548,0,確定06月 配信【13】-【17】【33】【38】【PUSH】全て 仕入,,,1,,,,,,,,,,,,
20210731,,21,0,1,,,,,,,,,,,1,0,,3120,,10026,,0,,444,0,確定06月 配信【13】-【17】【33】【38】【PUSH】全て 仕入,,,1,,,,,,,,,,,,
20210731,,21,0,1,,,,,,,,,,,1,0,,3120,,10033,,0,,4106,0,確定06月 配信【13】-【17】【33】【38】【PUSH】全て 仕入,,,1,,,,,,,,,,,,
20210731,,21,0,1,,,,,,,,,,,1,0,,3120,,10035,,0,,696,0,確定06月 配信【13】-【17】【33】【38】【PUSH】全て 仕入,,,1,,,,,,,,,,,,
20210731,,21,0,1,,,,,,,,,,,1,0,,3120,,10040,,0,,74,0,確定06月 配信【13】-【17】【33】【38】【PUSH】全て 仕入,,,1,,,,,,,,,,,,
20210731,,21,0,1,,,,,,,,,,,1,0,,3120,,10041,,0,,59,0,確定06月 配信【13】-【17】【33】【38】【PUSH】全て 仕入,,,1,,,,,,,,,,,,
20210731,,21,0,1,,,,,,,,,,,1,0,,3120,,10052,,0,,518,0,確定06月 配信【13】-【17】【33】【38】【PUSH】全て 仕入,,,1,,,,,,,,,,,,
20210731,,21,0,1,,,,,,,,,,,1,0,,3120,,10053,,0,,444,0,確定06月 配信【13】-【17】【33】【38】【PUSH】全て 仕入,,,1,,,,,,,,,,,,
20210731,,21,0,1,,,,,,,,,,,1,0,,3120,,10059,,0,,222,0,確定06月 配信【13】-【17】【33】【38】【PUSH】全て 仕入,,,1,,,,,,,,,,,,
20210731,,21,0,1,,,,,,,,,,,1,0,,3120,,10060,,0,,88,0,確定06月 配信【13】-【17】【33】【38】【PUSH】全て 仕入,,,1,,,,,,,,,,,,
20210731,,21,0,1,,,,,,,,,,,1,0,,3120,,10061,,0,,415,0,確定06月 配信【13】-【17】【33】【38】【PUSH】全て 仕入,,,1,,,,,,,,,,,,
20210731,,21,0,1,,,,,,,,,,,1,0,,3120,,10062,,0,,5499,0,確定06月 配信【13】-【17】【33】【38】【PUSH】全て 仕入,,,1,,,,,,,,,,,,
20210731,,21,0,1,,,,,,,,,,,1,0,,3120,,10063,,0,,29,0,確定06月 配信【13】-【17】【33】【38】【PUSH】全て 仕入,,,1,,,,,,,,,,,,
20210731,,21,0,1,,,,,,,,,,,1,0,,3120,,10064,,0,,504,0,確定06月 配信【13】-【17】【33】【38】【PUSH】全て 仕入,,,1,,,,,,,,,,,,
20210731,,21,0,1,,,,,,,,,,,1,0,,3120,,10065,,0,,29,0,確定06月 配信【13】-【17】【33】【38】【PUSH】全て 仕入,,,1,,,,,,,,,,,,
20210731,,21,0,1,,,,,,,,,,,1,0,,3120,,10068,,0,,207,0,確定06月 配信【13】-【17】【33】【38】【PUSH】全て 仕入,,,1,,,,,,,,,,,,
20210731,,21,0,1,,,,,,,,,,,1,0,,3120,,10069,,0,,14,0,確定06月 配信【13】-【17】【33】【38】【PUSH】全て 仕入,,,1,,,,,,,,,,,,
20210731,,21,0,1,,,,,,,,,,,1,0,,3120,,10075,,0,,830,0,確定06月 配信【13】-【17】【33】【38】【PUSH】全て 仕入,,,1,,,,,,,,,,,,
20210731,,21,0,1,,,,,,,,,,,1,0,,3120,,10081,,0,,3246,0,確定06月 配信【13】-【17】【33】【38】【PUSH】全て 仕入,,,1,,,,,,,,,,,,
20210731,,21,0,1,,,,,,,,,,,1,0,,3120,,10084,,0,,177,0,確定06月 配信【13】-【17】【33】【38】【PUSH】全て 仕入,,,1,,,,,,,,,,,,
20210731,,21,0,1,,,,,,,,,,,1,0,,3120,,10086,,0,,1467,0,確定06月 配信【13】-【17】【33】【38】【PUSH】全て 仕入,,,1,,,,,,,,,,,,
20210731,,21,0,1,,,,,,,,,,,1,0,,3120,,10090,,0,,266,0,確定06月 配信【13】-【17】【33】【38】【PUSH】全て 仕入,,,1,,,,,,,,,,,,
20210731,,21,0,1,,,,,,,,,,,1,0,,3120,,10093,,0,,237,0,確定06月 配信【13】-【17】【33】【38】【PUSH】全て 仕入,,,1,,,,,,,,,,,,
20210731,,21,0,1,,,,,,,,,,,1,0,,3120,,10096,,0,,29,0,確定06月 配信【13】-【17】【33】【38】【PUSH】全て 仕入,,,1,,,,,,,,,,,,
20210731,,21,0,1,,,,,,,,,,,1,0,,3120,,10098,,0,,163,0,確定06月 配信【13】-【17】【33】【38】【PUSH】全て 仕入,,,1,,,,,,,,,,,,
20210731,,21,0,1,,,,,,,,,,,1,0,,3120,,10099,,0,,207,0,確定06月 配信【13】-【17】【33】【38】【PUSH】全て 仕入,,,1,,,,,,,,,,,,
20210731,,21,0,1,,,,,,,,,,,1,0,,3120,,10102,,0,,548,0,確定06月 配信【13】-【17】【33】【38】【PUSH】全て 仕入,,,1,,,,,,,,,,,,
20210731,,21,0,1,,,,,,,,,,,1,0,,3120,,10103,,0,,44,0,確定06月 配信【13】-【17】【33】【38】【PUSH】全て 仕入,,,1,,,,,,,,,,,,
20210731,,21,0,1,,,,,,,,,,,1,0,,3120,,10104,,0,,1141,0,確定06月 配信【13】-【17】【33】【38】【PUSH】全て 仕入,,,1,,,,,,,,,,,,
20210731,,21,0,1,,,,,,,,,,,1,0,,3120,,10110,,0,,44,0,確定06月 配信【13】-【17】【33】【38】【PUSH】全て 仕入,,,1,,,,,,,,,,,,
20210731,,21,0,1,,,,,,,,,,,1,0,,3120,,10113,,0,,207,0,確定06月 配信【13】-【17】【33】【38】【PUSH】全て 仕入,,,1,,,,,,,,,,,,
20210731,,21,0,1,,,,,,,,,,,1,0,,3120,,10116,,0,,266,0,確定06月 配信【13】-【17】【33】【38】【PUSH】全て 仕入,,,1,,,,,,,,,,,,
20210731,,21,0,1,,,,,,,,,,,1,0,,3120,,10117,,0,,504,0,確定06月 配信【13】-【17】【33】【38】【PUSH】全て 仕入,,,1,,,,,,,,,,,,
20210731,,21,0,1,,,,,,,,,,,1,0,,3120,,10118,,0,,2460,0,確定06月 配信【13】-【17】【33】【38】【PUSH】全て 仕入,,,1,,,,,,,,,,,,
20210731,,21,0,1,,,,,,,,,,,1,0,,3120,,10138,,0,,311,0,確定06月 配信【13】-【17】【33】【38】【PUSH】全て 仕入,,,1,,,,,,,,,,,,
20210731,,21,0,1,,,,,,,,,,,1,0,,3120,,10140,,0,,88,0,確定06月 配信【13】-【17】【33】【38】【PUSH】全て 仕入,,,1,,,,,,,,,,,,
20210731,,21,0,1,,,,,,,,,,,1,0,,3120,,10146,,0,,355,0,確定06月 配信【13】-【17】【33】【38】【PUSH】全て 仕入,,,1,,,,,,,,,,,,
20210731,,21,0,1,,,,,,,,,,,1,0,,3120,,10150,,0,,504,0,確定06月 配信【13】-【17】【33】【38】【PUSH】全て 仕入,,,1,,,,,,,,,,,,
20210731,,21,0,1,,,,,,,,,,,1,0,,3120,,10153,,0,,5736,0,確定06月 配信【13】-【17】【33】【38】【PUSH】全て 仕入,,,1,,,,,,,,,,,,
20210731,,21,0,1,,,,,,,,,,,1,0,,3120,,10174,,0,,2608,0,確定06月 配信【13】-【17】【33】【38】【PUSH】全て 仕入,,,1,,,,,,,,,,,,
20210731,,21,0,1,,,,,,,,,,,1,0,,3120,,10205,,0,,74,0,確定06月 配信【13】-【17】【33】【38】【PUSH】全て 仕入,,,1,,,,,,,,,,,,
20210731,,21,0,1,,,,,,,,,,,1,0,,3120,,10218,,0,,3335,0,確定06月 配信【13】-【17】【33】【38】【PUSH】全て 仕入,,,1,,,,,,,,,,,,
20210731,,21,0,1,,,,,,,,,,,1,0,,3120,,10219,,0,,1037,0,確定06月 配信【13】-【17】【33】【38】【PUSH】全て 仕入,,,1,,,,,,,,,,,,
20210731,,21,0,1,,,,,,,,,,,1,0,,3120,,10223,,0,,14,0,確定06月 配信【13】-【17】【33】【38】【PUSH】全て 仕入,,,1,,,,,,,,,,,,
20210731,,21,0,1,,,,,,,,,,,1,0,,3120,,10229,,0,,2149,0,確定06月 配信【13】-【17】【33】【38】【PUSH】全て 仕入,,,1,,,,,,,,,,,,
20210731,,21,0,1,,,,,,,,,,,1,0,,3120,,10232,,0,,1467,0,確定06月 配信【13】-【17】【33】【38】【PUSH】全て 仕入,,,1,,,,,,,,,,,,
20210731,,21,0,1,,,,,,,,,,,1,0,,3120,,10234,,0,,44,0,確定06月 配信【13】-【17】【33】【38】【PUSH】全て 仕入,,,1,,,,,,,,,,,,
20210731,,21,0,1,,,,,,,,,,,1,0,,3120,,10236,,0,,222,0,確定06月 配信【13】-【17】【33】【38】【PUSH】全て 仕入,,,1,,,,,,,,,,,,
20210731,,21,0,1,,,,,,,,,,,1,0,,3120,,10242,,0,,14,0,確定06月 配信【13】-【17】【33】【38】【PUSH】全て 仕入,,,1,,,,,,,,,,,,
20210731,,21,0,1,,,,,,,,,,,1,0,,3120,,10246,,0,,1082,0,確定06月 配信【13】-【17】【33】【38】【PUSH】全て 仕入,,,1,,,,,,,,,,,,
20210731,,21,0,1,,,,,,,,,,,1,0,,3120,,10247,,0,,29,0,確定06月 配信【13】-【17】【33】【38】【PUSH】全て 仕入,,,1,,,,,,,,,,,,
20210731,,21,0,1,,,,,,,,,,,1,0,,3120,,10257,,0,,592,0,確定06月 配信【13】-【17】【33】【38】【PUSH】全て 仕入,,,1,,,,,,,,,,,,
20210731,,21,0,1,,,,,,,,,,,1,0,,3120,,10258,,0,,770,0,確定06月 配信【13】-【17】【33】【38】【PUSH】全て 仕入,,,1,,,,,,,,,,,,
20210731,,21,0,1,,,,,,,,,,,1,0,,3120,,10259,,0,,74,0,確定06月 配信【13】-【17】【33】【38】【PUSH】全て 仕入,,,1,,,,,,,,,,,,
20210731,,21,0,1,,,,,,,,,,,1,0,,3120,,10260,,0,,2608,0,確定06月 配信【13】-【17】【33】【38】【PUSH】全て 仕入,,,1,,,,,,,,,,,,
20210731,,21,0,1,,,,,,,,,,,1,0,,3120,,10264,,0,,800,0,確定06月 配信【13】-【17】【33】【38】【PUSH】全て 仕入,,,1,,,,,,,,,,,,
20210731,,21,0,1,,,,,,,,,,,1,0,,3120,,10266,,0,,859,0,確定06月 配信【13】-【17】【33】【38】【PUSH】全て 仕入,,,1,,,,,,,,,,,,
20210731,,21,0,1,,,,,,,,,,,1,0,,3120,,10267,,0,,44,0,確定06月 配信【13】-【17】【33】【38】【PUSH】全て 仕入,,,1,,,,,,,,,,,,
20210731,,21,0,1,,,,,,,,,,,1,0,,3120,,10268,,0,,14,0,確定06月 配信【13】-【17】【33】【38】【PUSH】全て 仕入,,,1,,,,,,,,,,,,
20210731,,21,0,1,,,,,,,,,,,1,0,,3120,,10270,,0,,7975,0,確定06月 配信【13】-【17】【33】【38】【PUSH】全て 仕入,,,1,,,,,,,,,,,,
20210731,,21,0,1,,,,,,,,,,,1,0,,3120,,10272,,0,,59,0,確定06月 配信【13】-【17】【33】【38】【PUSH】全て 仕入,,,1,,,,,,,,,,,,
20210731,,21,0,1,,,,,,,,,,,1,0,,3120,,10273,,0,,963,0,確定06月 配信【13】-【17】【33】【38】【PUSH】全て 仕入,,,1,,,,,,,,,,,,
20210731,,21,0,1,,,,,,,,,,,1,0,,3120,,10274,,0,,741,0,確定06月 配信【13】-【17】【33】【38】【PUSH】全て 仕入,,,1,,,,,,,,,,,,
20210731,,21,0,1,,,,,,,,,,,1,0,,3120,,10275,,0,,4269,0,確定06月 配信【13】-【17】【33】【38】【PUSH】全て 仕入,,,1,,,,,,,,,,,,
20210731,,21,0,1,,,,,,,,,,,1,0,,3120,,10276,,0,,2994,0,確定06月 配信【13】-【17】【33】【38】【PUSH】全て 仕入,,,1,,,,,,,,,,,,
20210731,,21,0,1,,,,,,,,,,,1,0,,3120,,10277,,0,,266,0,確定06月 配信【13】-【17】【33】【38】【PUSH】全て 仕入,,,1,,,,,,,,,,,,
20210731,,21,0,1,,,,,,,,,,,1,0,,3120,,10278,,0,,14,0,確定06月 配信【13】-【17】【33】【38】【PUSH】全て 仕入,,,1,,,,,,,,,,,,
20210731,,21,0,1,,,,,,,,,,,1,0,,3120,,10279,,0,,14,0,確定06月 配信【13】-【17】【33】【38】【PUSH】全て 仕入,,,1,,,,,,,,,,,,
20210731,,21,0,1,,,,,,,,,,,1,0,,3120,,10280,,0,,637,0,確定06月 配信【13】-【17】【33】【38】【PUSH】全て 仕入,,,1,,,,,,,,,,,,
20210731,,21,0,1,,,,,,,,,,,1,0,,3120,,10281,,0,,5040,0,確定06月 配信【13】-【17】【33】【38】【PUSH】全て 仕入,,,1,,,,,,,,,,,,
20210731,,21,0,1,,,,,,,,,,,1,0,,3120,,10282,,0,,14,0,確定06月 配信【13】-【17】【33】【38】【PUSH】全て 仕入,,,1,,,,,,,,,,,,
20210731,,21,0,1,,,,,,,,,,,1,0,,3120,,10283,,0,,4936,0,確定06月 配信【13】-【17】【33】【38】【PUSH】全て 仕入,,,1,,,,,,,,,,,,
20210731,,21,0,1,,,,,,,,,,,1,0,,3120,,10284,,0,,2564,0,確定06月 配信【13】-【17】【33】【38】【PUSH】全て 仕入,,,1,,,,,,,,,,,,
20210731,,21,0,1,,,,,,,,,,,1,0,,3120,,10285,,0,,2683,0,確定06月 配信【13】-【17】【33】【38】【PUSH】全て 仕入,,,1,,,,,,,,,,,,
20210731,,21,0,1,,,,,,,,,,,1,0,,3120,,10286,,0,,2460,0,確定06月 配信【13】-【17】【33】【38】【PUSH】全て 仕入,,,1,,,,,,,,,,,,
20210731,,21,0,1,,,,,,,,,,,1,0,,3120,,10287,,0,,29,0,確定06月 配信【13】-【17】【33】【38】【PUSH】全て 仕入,,,1,,,,,,,,,,,,
20210731,,21,0,1,,,,,,,,,,,1,0,,3120,,10289,,0,,1022,0,確定06月 配信【13】-【17】【33】【38】【PUSH】全て 仕入,,,1,,,,,,,,,,,,
20210731,,21,0,1,,,,,,,,,,,1,0,,3120,,10290,,0,,237,0,確定06月 配信【13】-【17】【33】【38】【PUSH】全て 仕入,,,1,,,,,,,,,,,,
20210731,,21,0,1,,,,,,,,,,,1,0,,3120,,10292,,0,,889,0,確定06月 配信【13】-【17】【33】【38】【PUSH】全て 仕入,,,1,,,,,,,,,,,,
20210731,,21,0,1,,,,,,,,,,,1,0,,3120,,10293,,0,,1260,0,確定06月 配信【13】-【17】【33】【38】【PUSH】全て 仕入,,,1,,,,,,,,,,,,
20210731,,21,0,1,,,,,,,,,,,1,0,,3120,,10294,,0,,1334,0,確定06月 配信【13】-【17】【33】【38】【PUSH】全て 仕入,,,1,,,,,,,,,,,,
20210731,,21,0,1,,,,,,,,,,,1,0,,3120,,10295,,0,,88,0,確定06月 配信【13】-【17】【33】【38】【PUSH】全て 仕入,,,1,,,,,,,,,,,,
20210731,,21,0,1,,,,,,,,,,,1,0,,3120,,10298,,0,,13741,0,確定06月 配信【13】-【17】【33】【38】【PUSH】全て 仕入,,,1,,,,,,,,,,,,
20210731,,21,0,1,,,,,,,,,,,1,0,,3120,,10299,,0,,681,0,確定06月 配信【13】-【17】【33】【38】【PUSH】全て 仕入,,,1,,,,,,,,,,,,
20210731,,21,0,1,,,,,,,,,,,1,0,,3120,,10302,,0,,281,0,確定06月 配信【13】-【17】【33】【38】【PUSH】全て 仕入,,,1,,,,,,,,,,,,
20210731,,21,0,1,,,,,,,,,,,1,0,,3120,,10303,,0,,103,0,確定06月 配信【13】-【17】【33】【38】【PUSH】全て 仕入,,,1,,,,,,,,,,,,
20210731,,21,0,1,,,,,,,,,,,1,0,,3120,,10304,,0,,3572,0,確定06月 配信【13】-【17】【33】【38】【PUSH】全て 仕入,,,1,,,,,,,,,,,,
20210731,,21,0,1,,,,,,,,,,,1,0,,3120,,10306,,0,,6626,0,確定06月 配信【13】-【17】【33】【38】【PUSH】全て 仕入,,,1,,,,,,,,,,,,
20210731,,21,0,1,,,,,,,,,,,1,0,,3120,,10307,,0,,1541,0,確定06月 配信【13】-【17】【33】【38】【PUSH】全て 仕入,,,1,,,,,,,,,,,,
20210731,,21,0,1,,,,,,,,,,,1,0,,3120,,10308,,0,,133,0,確定06月 配信【13】-【17】【33】【38】【PUSH】全て 仕入,,,1,,,,,,,,,,,,
20210731,,21,0,1,,,,,,,,,,,1,0,,3120,,10311,,0,,1630,0,確定06月 配信【13】-【17】【33】【38】【PUSH】全て 仕入,,,1,,,,,,,,,,,,
20210731,,21,0,1,,,,,,,,,,,1,0,,3120,,10313,,0,,2030,0,確定06月 配信【13】-【17】【33】【38】【PUSH】全て 仕入,,,1,,,,,,,,,,,,
20210731,,21,0,1,,,,,,,,,,,1,0,,3120,,10314,,0,,14,0,確定06月 配信【13】-【17】【33】【38】【PUSH】全て 仕入,,,1,,,,,,,,,,,,
20210731,,21,0,1,,,,,,,,,,,1,0,,3120,,10318,,0,,14,0,確定06月 配信【13】-【17】【33】【38】【PUSH】全て 仕入,,,1,,,,,,,,,,,,
20210731,,21,0,1,,,,,,,,,,,1,0,,3120,,10319,,0,,1008,0,確定06月 配信【13】-【17】【33】【38】【PUSH】全て 仕入,,,1,,,,,,,,,,,,
20210731,,21,0,1,,,,,,,,,,,1,0,,3120,,10320,,0,,578,0,確定06月 配信【13】-【17】【33】【38】【PUSH】全て 仕入,,,1,,,,,,,,,,,,
20210731,,21,0,1,,,,,,,,,,,1,0,,3120,,10321,,0,,504,0,確定06月 配信【13】-【17】【33】【38】【PUSH】全て 仕入,,,1,,,,,,,,,,,,
20210731,,21,0,1,,,,,,,,,,,1,0,,3120,,10322,,0,,14,0,確定06月 配信【13】-【17】【33】【38】【PUSH】全て 仕入,,,1,,,,,,,,,,,,
20210731,,21,0,1,,,,,,,,,,,1,0,,3120,,10323,,0,,800,0,確定06月 配信【13】-【17】【33】【38】【PUSH】全て 仕入,,,1,,,,,,,,,,,,
20210731,,21,0,1,,,,,,,,,,,1,0,,3120,,10324,,0,,622,0,確定06月 配信【13】-【17】【33】【38】【PUSH】全て 仕入,,,1,,,,,,,,,,,,
20210731,,21,0,1,,,,,,,,,,,1,0,,3120,,10325,,0,,1586,0,確定06月 配信【13】-【17】【33】【38】【PUSH】全て 仕入,,,1,,,,,,,,,,,,
20210731,,21,0,1,,,,,,,,,,,1,0,,3120,,10326,,0,,44,0,確定06月 配信【13】-【17】【33】【38】【PUSH】全て 仕入,,,1,,,,,,,,,,,,
20210731,,21,0,1,,,,,,,,,,,1,0,,3120,,10330,,0,,1764,0,確定06月 配信【13】-【17】【33】【38】【PUSH】全て 仕入,,,1,,,,,,,,,,,,
20210731,,21,0,1,,,,,,,,,,,1,0,,3120,,10331,,0,,340,0,確定06月 配信【13】-【17】【33】【38】【PUSH】全て 仕入,,,1,,,,,,,,,,,,
20210731,,21,0,1,000,,5413,,2,,Q5,,283665,0,1,0,,3120,,10009,,0,,2537,0,確定05月配信【18】LINE(公式)　仕入,,,1,,,,,,,,,,,,
20210731,,21,0,1,,,,,,,,,,,1,0,,3120,,10015,,0,,4348,0,確定05月配信【18】LINE(公式)　仕入,,,1,,,,,,,,,,,,
20210731,,21,0,1,,,,,,,,,,,1,0,,3120,,10043,,0,,79292,0,確定05月配信【18】LINE(公式)　仕入,,,1,,,,,,,,,,,,
20210731,,21,0,1,,,,,,,,,,,1,0,,3120,,10218,,0,,4110,0,確定05月配信【18】LINE(公式)　仕入,,,1,,,,,,,,,,,,
20210731,,21,0,1,,,,,,,,,,,1,0,,3120,,10223,,0,,2644,0,確定05月配信【18】LINE(公式)　仕入,,,1,,,,,,,,,,,,
20210731,,21,0,1,,,,,,,,,,,1,0,,3120,,10274,,0,,283,0,確定05月配信【18】LINE(公式)　仕入,,,1,,,,,,,,,,,,
20210731,,21,0,1,,,,,,,,,,,1,0,,3120,,10308,,0,,190451,0,確定05月配信【18】LINE(公式)　仕入,,,1,,,,,,,,,,,,
20210731,,21,0,1,000,,5413,,2,,Q5,,1033668,0,1,0,,3120,,10008,,0,,10,0,確定05月配信【19】LINE(ｸﾘｴｲﾀｰｽﾞﾏｰｹｯﾄｽﾀﾝﾌﾟ)　仕入,,,1,,,,,,,,,,,,
20210731,,21,0,1,,,,,,,,,,,1,0,,3120,,10009,,0,,8869,0,確定05月配信【19】LINE(ｸﾘｴｲﾀｰｽﾞﾏｰｹｯﾄｽﾀﾝﾌﾟ)　仕入,,,1,,,,,,,,,,,,
20210731,,21,0,1,,,,,,,,,,,1,0,,3120,,10010,,0,,10144,0,確定05月配信【19】LINE(ｸﾘｴｲﾀｰｽﾞﾏｰｹｯﾄｽﾀﾝﾌﾟ)　仕入,,,1,,,,,,,,,,,,
20210731,,21,0,1,,,,,,,,,,,1,0,,3120,,10013,,0,,15215,0,確定05月配信【19】LINE(ｸﾘｴｲﾀｰｽﾞﾏｰｹｯﾄｽﾀﾝﾌﾟ)　仕入,,,1,,,,,,,,,,,,
20210731,,21,0,1,,,,,,,,,,,1,0,,3120,,10015,,0,,248,0,確定05月配信【19】LINE(ｸﾘｴｲﾀｰｽﾞﾏｰｹｯﾄｽﾀﾝﾌﾟ)　仕入,,,1,,,,,,,,,,,,
20210731,,21,0,1,,,,,,,,,,,1,0,,3120,,10018,,0,,16491,0,確定05月配信【19】LINE(ｸﾘｴｲﾀｰｽﾞﾏｰｹｯﾄｽﾀﾝﾌﾟ)　仕入,,,1,,,,,,,,,,,,
20210731,,21,0,1,,,,,,,,,,,1,0,,3120,,10019,,0,,1535,0,確定05月配信【19】LINE(ｸﾘｴｲﾀｰｽﾞﾏｰｹｯﾄｽﾀﾝﾌﾟ)　仕入,,,1,,,,,,,,,,,,
20210731,,21,0,1,,,,,,,,,,,1,0,,3120,,10020,,0,,19167,0,確定05月配信【19】LINE(ｸﾘｴｲﾀｰｽﾞﾏｰｹｯﾄｽﾀﾝﾌﾟ)　仕入,,,1,,,,,,,,,,,,
20210731,,21,0,1,,,,,,,,,,,1,0,,3120,,10021,,0,,1908,0,確定05月配信【19】LINE(ｸﾘｴｲﾀｰｽﾞﾏｰｹｯﾄｽﾀﾝﾌﾟ)　仕入,,,1,,,,,,,,,,,,
20210731,,21,0,1,,,,,,,,,,,1,0,,3120,,10024,,0,,41961,0,確定05月配信【19】LINE(ｸﾘｴｲﾀｰｽﾞﾏｰｹｯﾄｽﾀﾝﾌﾟ)　仕入,,,1,,,,,,,,,,,,
20210731,,21,0,1,,,,,,,,,,,1,0,,3120,,10034,,0,,30,0,確定05月配信【19】LINE(ｸﾘｴｲﾀｰｽﾞﾏｰｹｯﾄｽﾀﾝﾌﾟ)　仕入,,,1,,,,,,,,,,,,
20210731,,21,0,1,,,,,,,,,,,1,0,,3120,,10039,,0,,489,0,確定05月配信【19】LINE(ｸﾘｴｲﾀｰｽﾞﾏｰｹｯﾄｽﾀﾝﾌﾟ)　仕入,,,1,,,,,,,,,,,,
20210731,,21,0,1,,,,,,,,,,,1,0,,3120,,10043,,0,,56631,0,確定05月配信【19】LINE(ｸﾘｴｲﾀｰｽﾞﾏｰｹｯﾄｽﾀﾝﾌﾟ)　仕入,,,1,,,,,,,,,,,,
20210731,,21,0,1,,,,,,,,,,,1,0,,3120,,10053,,0,,5526,0,確定05月配信【19】LINE(ｸﾘｴｲﾀｰｽﾞﾏｰｹｯﾄｽﾀﾝﾌﾟ)　仕入,,,1,,,,,,,,,,,,
20210731,,21,0,1,,,,,,,,,,,1,0,,3120,,10059,,0,,23995,0,確定05月配信【19】LINE(ｸﾘｴｲﾀｰｽﾞﾏｰｹｯﾄｽﾀﾝﾌﾟ)　仕入,,,1,,,,,,,,,,,,
20210731,,21,0,1,,,,,,,,,,,1,0,,3120,,10060,,0,,116,0,確定05月配信【19】LINE(ｸﾘｴｲﾀｰｽﾞﾏｰｹｯﾄｽﾀﾝﾌﾟ)　仕入,,,1,,,,,,,,,,,,
20210731,,21,0,1,,,,,,,,,,,1,0,,3120,,10061,,0,,8868,0,確定05月配信【19】LINE(ｸﾘｴｲﾀｰｽﾞﾏｰｹｯﾄｽﾀﾝﾌﾟ)　仕入,,,1,,,,,,,,,,,,
20210731,,21,0,1,,,,,,,,,,,1,0,,3120,,10062,,0,,24089,0,確定05月配信【19】LINE(ｸﾘｴｲﾀｰｽﾞﾏｰｹｯﾄｽﾀﾝﾌﾟ)　仕入,,,1,,,,,,,,,,,,
20210731,,21,0,1,,,,,,,,,,,1,0,,3120,,10064,,0,,9067,0,確定05月配信【19】LINE(ｸﾘｴｲﾀｰｽﾞﾏｰｹｯﾄｽﾀﾝﾌﾟ)　仕入,,,1,,,,,,,,,,,,
20210731,,21,0,1,,,,,,,,,,,1,0,,3120,,10065,,0,,11003,0,確定05月配信【19】LINE(ｸﾘｴｲﾀｰｽﾞﾏｰｹｯﾄｽﾀﾝﾌﾟ)　仕入,,,1,,,,,,,,,,,,
20210731,,21,0,1,,,,,,,,,,,1,0,,3120,,10074,,0,,20,0,確定05月配信【19】LINE(ｸﾘｴｲﾀｰｽﾞﾏｰｹｯﾄｽﾀﾝﾌﾟ)　仕入,,,1,,,,,,,,,,,,
20210731,,21,0,1,,,,,,,,,,,1,0,,3120,,10081,,0,,5142,0,確定05月配信【19】LINE(ｸﾘｴｲﾀｰｽﾞﾏｰｹｯﾄｽﾀﾝﾌﾟ)　仕入,,,1,,,,,,,,,,,,
20210731,,21,0,1,,,,,,,,,,,1,0,,3120,,10086,,0,,69,0,確定05月配信【19】LINE(ｸﾘｴｲﾀｰｽﾞﾏｰｹｯﾄｽﾀﾝﾌﾟ)　仕入,,,1,,,,,,,,,,,,
20210731,,21,0,1,,,,,,,,,,,1,0,,3120,,10090,,0,,709,0,確定05月配信【19】LINE(ｸﾘｴｲﾀｰｽﾞﾏｰｹｯﾄｽﾀﾝﾌﾟ)　仕入,,,1,,,,,,,,,,,,
20210731,,21,0,1,,,,,,,,,,,1,0,,3120,,10096,,0,,30,0,確定05月配信【19】LINE(ｸﾘｴｲﾀｰｽﾞﾏｰｹｯﾄｽﾀﾝﾌﾟ)　仕入,,,1,,,,,,,,,,,,
20210731,,21,0,1,,,,,,,,,,,1,0,,3120,,10103,,0,,71,0,確定05月配信【19】LINE(ｸﾘｴｲﾀｰｽﾞﾏｰｹｯﾄｽﾀﾝﾌﾟ)　仕入,,,1,,,,,,,,,,,,
20210731,,21,0,1,,,,,,,,,,,1,0,,3120,,10110,,0,,216,0,確定05月配信【19】LINE(ｸﾘｴｲﾀｰｽﾞﾏｰｹｯﾄｽﾀﾝﾌﾟ)　仕入,,,1,,,,,,,,,,,,
20210731,,21,0,1,,,,,,,,,,,1,0,,3120,,10113,,0,,65,0,確定05月配信【19】LINE(ｸﾘｴｲﾀｰｽﾞﾏｰｹｯﾄｽﾀﾝﾌﾟ)　仕入,,,1,,,,,,,,,,,,
20210731,,21,0,1,,,,,,,,,,,1,0,,3120,,10117,,0,,390,0,確定05月配信【19】LINE(ｸﾘｴｲﾀｰｽﾞﾏｰｹｯﾄｽﾀﾝﾌﾟ)　仕入,,,1,,,,,,,,,,,,
20210731,,21,0,1,,,,,,,,,,,1,0,,3120,,10118,,0,,1077,0,確定05月配信【19】LINE(ｸﾘｴｲﾀｰｽﾞﾏｰｹｯﾄｽﾀﾝﾌﾟ)　仕入,,,1,,,,,,,,,,,,
20210731,,21,0,1,,,,,,,,,,,1,0,,3120,,10138,,0,,60,0,確定05月配信【19】LINE(ｸﾘｴｲﾀｰｽﾞﾏｰｹｯﾄｽﾀﾝﾌﾟ)　仕入,,,1,,,,,,,,,,,,
20210731,,21,0,1,,,,,,,,,,,1,0,,3120,,10139,,0,,30,0,確定05月配信【19】LINE(ｸﾘｴｲﾀｰｽﾞﾏｰｹｯﾄｽﾀﾝﾌﾟ)　仕入,,,1,,,,,,,,,,,,
20210731,,21,0,1,,,,,,,,,,,1,0,,3120,,10140,,0,,8635,0,確定05月配信【19】LINE(ｸﾘｴｲﾀｰｽﾞﾏｰｹｯﾄｽﾀﾝﾌﾟ)　仕入,,,1,,,,,,,,,,,,
20210731,,21,0,1,,,,,,,,,,,1,0,,3120,,10146,,0,,2952,0,確定05月配信【19】LINE(ｸﾘｴｲﾀｰｽﾞﾏｰｹｯﾄｽﾀﾝﾌﾟ)　仕入,,,1,,,,,,,,,,,,
20210731,,21,0,1,,,,,,,,,,,1,0,,3120,,10150,,0,,36109,0,確定05月配信【19】LINE(ｸﾘｴｲﾀｰｽﾞﾏｰｹｯﾄｽﾀﾝﾌﾟ)　仕入,,,1,,,,,,,,,,,,
20210731,,21,0,1,,,,,,,,,,,1,0,,3120,,10153,,0,,110455,0,確定05月配信【19】LINE(ｸﾘｴｲﾀｰｽﾞﾏｰｹｯﾄｽﾀﾝﾌﾟ)　仕入,,,1,,,,,,,,,,,,
20210731,,21,0,1,,,,,,,,,,,1,0,,3120,,10180,,0,,186,0,確定05月配信【19】LINE(ｸﾘｴｲﾀｰｽﾞﾏｰｹｯﾄｽﾀﾝﾌﾟ)　仕入,,,1,,,,,,,,,,,,
20210731,,21,0,1,,,,,,,,,,,1,0,,3120,,10210,,0,,548,0,確定05月配信【19】LINE(ｸﾘｴｲﾀｰｽﾞﾏｰｹｯﾄｽﾀﾝﾌﾟ)　仕入,,,1,,,,,,,,,,,,
20210731,,21,0,1,,,,,,,,,,,1,0,,3120,,10218,,0,,7563,0,確定05月配信【19】LINE(ｸﾘｴｲﾀｰｽﾞﾏｰｹｯﾄｽﾀﾝﾌﾟ)　仕入,,,1,,,,,,,,,,,,
20210731,,21,0,1,,,,,,,,,,,1,0,,3120,,10229,,0,,18592,0,確定05月配信【19】LINE(ｸﾘｴｲﾀｰｽﾞﾏｰｹｯﾄｽﾀﾝﾌﾟ)　仕入,,,1,,,,,,,,,,,,
20210731,,21,0,1,,,,,,,,,,,1,0,,3120,,10232,,0,,558,0,確定05月配信【19】LINE(ｸﾘｴｲﾀｰｽﾞﾏｰｹｯﾄｽﾀﾝﾌﾟ)　仕入,,,1,,,,,,,,,,,,
20210731,,21,0,1,,,,,,,,,,,1,0,,3120,,10234,,0,,91,0,確定05月配信【19】LINE(ｸﾘｴｲﾀｰｽﾞﾏｰｹｯﾄｽﾀﾝﾌﾟ)　仕入,,,1,,,,,,,,,,,,
20210731,,21,0,1,,,,,,,,,,,1,0,,3120,,10236,,0,,10180,0,確定05月配信【19】LINE(ｸﾘｴｲﾀｰｽﾞﾏｰｹｯﾄｽﾀﾝﾌﾟ)　仕入,,,1,,,,,,,,,,,,
20210731,,21,0,1,,,,,,,,,,,1,0,,3120,,10238,,0,,25334,0,確定05月配信【19】LINE(ｸﾘｴｲﾀｰｽﾞﾏｰｹｯﾄｽﾀﾝﾌﾟ)　仕入,,,1,,,,,,,,,,,,
20210731,,21,0,1,,,,,,,,,,,1,0,,3120,,10242,,0,,137,0,確定05月配信【19】LINE(ｸﾘｴｲﾀｰｽﾞﾏｰｹｯﾄｽﾀﾝﾌﾟ)　仕入,,,1,,,,,,,,,,,,
20210731,,21,0,1,,,,,,,,,,,1,0,,3120,,10248,,0,,55,0,確定05月配信【19】LINE(ｸﾘｴｲﾀｰｽﾞﾏｰｹｯﾄｽﾀﾝﾌﾟ)　仕入,,,1,,,,,,,,,,,,
20210731,,21,0,1,,,,,,,,,,,1,0,,3120,,10257,,0,,8933,0,確定05月配信【19】LINE(ｸﾘｴｲﾀｰｽﾞﾏｰｹｯﾄｽﾀﾝﾌﾟ)　仕入,,,1,,,,,,,,,,,,
20210731,,21,0,1,,,,,,,,,,,1,0,,3120,,10258,,0,,332,0,確定05月配信【19】LINE(ｸﾘｴｲﾀｰｽﾞﾏｰｹｯﾄｽﾀﾝﾌﾟ)　仕入,,,1,,,,,,,,,,,,
20210731,,21,0,1,,,,,,,,,,,1,0,,3120,,10259,,0,,50,0,確定05月配信【19】LINE(ｸﾘｴｲﾀｰｽﾞﾏｰｹｯﾄｽﾀﾝﾌﾟ)　仕入,,,1,,,,,,,,,,,,
20210731,,21,0,1,,,,,,,,,,,1,0,,3120,,10260,,0,,30481,0,確定05月配信【19】LINE(ｸﾘｴｲﾀｰｽﾞﾏｰｹｯﾄｽﾀﾝﾌﾟ)　仕入,,,1,,,,,,,,,,,,
20210731,,21,0,1,,,,,,,,,,,1,0,,3120,,10261,,0,,40,0,確定05月配信【19】LINE(ｸﾘｴｲﾀｰｽﾞﾏｰｹｯﾄｽﾀﾝﾌﾟ)　仕入,,,1,,,,,,,,,,,,
20210731,,21,0,1,,,,,,,,,,,1,0,,3120,,10264,,0,,828,0,確定05月配信【19】LINE(ｸﾘｴｲﾀｰｽﾞﾏｰｹｯﾄｽﾀﾝﾌﾟ)　仕入,,,1,,,,,,,,,,,,
20210731,,21,0,1,,,,,,,,,,,1,0,,3120,,10267,,0,,131,0,確定05月配信【19】LINE(ｸﾘｴｲﾀｰｽﾞﾏｰｹｯﾄｽﾀﾝﾌﾟ)　仕入,,,1,,,,,,,,,,,,
20210731,,21,0,1,,,,,,,,,,,1,0,,3120,,10268,,0,,150,0,確定05月配信【19】LINE(ｸﾘｴｲﾀｰｽﾞﾏｰｹｯﾄｽﾀﾝﾌﾟ)　仕入,,,1,,,,,,,,,,,,
20210731,,21,0,1,,,,,,,,,,,1,0,,3120,,10269,,0,,51,0,確定05月配信【19】LINE(ｸﾘｴｲﾀｰｽﾞﾏｰｹｯﾄｽﾀﾝﾌﾟ)　仕入,,,1,,,,,,,,,,,,
20210731,,21,0,1,,,,,,,,,,,1,0,,3120,,10270,,0,,109319,0,確定05月配信【19】LINE(ｸﾘｴｲﾀｰｽﾞﾏｰｹｯﾄｽﾀﾝﾌﾟ)　仕入,,,1,,,,,,,,,,,,
20210731,,21,0,1,,,,,,,,,,,1,0,,3120,,10273,,0,,2062,0,確定05月配信【19】LINE(ｸﾘｴｲﾀｰｽﾞﾏｰｹｯﾄｽﾀﾝﾌﾟ)　仕入,,,1,,,,,,,,,,,,
20210731,,21,0,1,,,,,,,,,,,1,0,,3120,,10274,,0,,788,0,確定05月配信【19】LINE(ｸﾘｴｲﾀｰｽﾞﾏｰｹｯﾄｽﾀﾝﾌﾟ)　仕入,,,1,,,,,,,,,,,,
20210731,,21,0,1,,,,,,,,,,,1,0,,3120,,10275,,0,,18441,0,確定05月配信【19】LINE(ｸﾘｴｲﾀｰｽﾞﾏｰｹｯﾄｽﾀﾝﾌﾟ)　仕入,,,1,,,,,,,,,,,,
20210731,,21,0,1,,,,,,,,,,,1,0,,3120,,10276,,0,,28456,0,確定05月配信【19】LINE(ｸﾘｴｲﾀｰｽﾞﾏｰｹｯﾄｽﾀﾝﾌﾟ)　仕入,,,1,,,,,,,,,,,,
20210731,,21,0,1,,,,,,,,,,,1,0,,3120,,10277,,0,,338,0,確定05月配信【19】LINE(ｸﾘｴｲﾀｰｽﾞﾏｰｹｯﾄｽﾀﾝﾌﾟ)　仕入,,,1,,,,,,,,,,,,
20210731,,21,0,1,,,,,,,,,,,1,0,,3120,,10278,,0,,51,0,確定05月配信【19】LINE(ｸﾘｴｲﾀｰｽﾞﾏｰｹｯﾄｽﾀﾝﾌﾟ)　仕入,,,1,,,,,,,,,,,,
20210731,,21,0,1,,,,,,,,,,,1,0,,3120,,10280,,0,,3190,0,確定05月配信【19】LINE(ｸﾘｴｲﾀｰｽﾞﾏｰｹｯﾄｽﾀﾝﾌﾟ)　仕入,,,1,,,,,,,,,,,,
20210731,,21,0,1,,,,,,,,,,,1,0,,3120,,10281,,0,,45836,0,確定05月配信【19】LINE(ｸﾘｴｲﾀｰｽﾞﾏｰｹｯﾄｽﾀﾝﾌﾟ)　仕入,,,1,,,,,,,,,,,,
20210731,,21,0,1,,,,,,,,,,,1,0,,3120,,10282,,0,,125,0,確定05月配信【19】LINE(ｸﾘｴｲﾀｰｽﾞﾏｰｹｯﾄｽﾀﾝﾌﾟ)　仕入,,,1,,,,,,,,,,,,
20210731,,21,0,1,,,,,,,,,,,1,0,,3120,,10283,,0,,3532,0,確定05月配信【19】LINE(ｸﾘｴｲﾀｰｽﾞﾏｰｹｯﾄｽﾀﾝﾌﾟ)　仕入,,,1,,,,,,,,,,,,
20210731,,21,0,1,,,,,,,,,,,1,0,,3120,,10284,,0,,7248,0,確定05月配信【19】LINE(ｸﾘｴｲﾀｰｽﾞﾏｰｹｯﾄｽﾀﾝﾌﾟ)　仕入,,,1,,,,,,,,,,,,
20210731,,21,0,1,,,,,,,,,,,1,0,,3120,,10285,,0,,87878,0,確定05月配信【19】LINE(ｸﾘｴｲﾀｰｽﾞﾏｰｹｯﾄｽﾀﾝﾌﾟ)　仕入,,,1,,,,,,,,,,,,
20210731,,21,0,1,,,,,,,,,,,1,0,,3120,,10286,,0,,3488,0,確定05月配信【19】LINE(ｸﾘｴｲﾀｰｽﾞﾏｰｹｯﾄｽﾀﾝﾌﾟ)　仕入,,,1,,,,,,,,,,,,
20210731,,21,0,1,,,,,,,,,,,1,0,,3120,,10289,,0,,4936,0,確定05月配信【19】LINE(ｸﾘｴｲﾀｰｽﾞﾏｰｹｯﾄｽﾀﾝﾌﾟ)　仕入,,,1,,,,,,,,,,,,
20210731,,21,0,1,,,,,,,,,,,1,0,,3120,,10291,,0,,5076,0,確定05月配信【19】LINE(ｸﾘｴｲﾀｰｽﾞﾏｰｹｯﾄｽﾀﾝﾌﾟ)　仕入,,,1,,,,,,,,,,,,
20210731,,21,0,1,,,,,,,,,,,1,0,,3120,,10292,,0,,16886,0,確定05月配信【19】LINE(ｸﾘｴｲﾀｰｽﾞﾏｰｹｯﾄｽﾀﾝﾌﾟ)　仕入,,,1,,,,,,,,,,,,
20210731,,21,0,1,,,,,,,,,,,1,0,,3120,,10293,,0,,2314,0,確定05月配信【19】LINE(ｸﾘｴｲﾀｰｽﾞﾏｰｹｯﾄｽﾀﾝﾌﾟ)　仕入,,,1,,,,,,,,,,,,
20210731,,21,0,1,,,,,,,,,,,1,0,,3120,,10294,,0,,31215,0,確定05月配信【19】LINE(ｸﾘｴｲﾀｰｽﾞﾏｰｹｯﾄｽﾀﾝﾌﾟ)　仕入,,,1,,,,,,,,,,,,
20210731,,21,0,1,,,,,,,,,,,1,0,,3120,,10295,,0,,3773,0,確定05月配信【19】LINE(ｸﾘｴｲﾀｰｽﾞﾏｰｹｯﾄｽﾀﾝﾌﾟ)　仕入,,,1,,,,,,,,,,,,
20210731,,21,0,1,,,,,,,,,,,1,0,,3120,,10300,,0,,20,0,確定05月配信【19】LINE(ｸﾘｴｲﾀｰｽﾞﾏｰｹｯﾄｽﾀﾝﾌﾟ)　仕入,,,1,,,,,,,,,,,,
20210731,,21,0,1,,,,,,,,,,,1,0,,3120,,10302,,0,,19990,0,確定05月配信【19】LINE(ｸﾘｴｲﾀｰｽﾞﾏｰｹｯﾄｽﾀﾝﾌﾟ)　仕入,,,1,,,,,,,,,,,,
20210731,,21,0,1,,,,,,,,,,,1,0,,3120,,10304,,0,,156,0,確定05月配信【19】LINE(ｸﾘｴｲﾀｰｽﾞﾏｰｹｯﾄｽﾀﾝﾌﾟ)　仕入,,,1,,,,,,,,,,,,
20210731,,21,0,1,,,,,,,,,,,1,0,,3120,,10305,,0,,455,0,確定05月配信【19】LINE(ｸﾘｴｲﾀｰｽﾞﾏｰｹｯﾄｽﾀﾝﾌﾟ)　仕入,,,1,,,,,,,,,,,,
20210731,,21,0,1,,,,,,,,,,,1,0,,3120,,10306,,0,,14213,0,確定05月配信【19】LINE(ｸﾘｴｲﾀｰｽﾞﾏｰｹｯﾄｽﾀﾝﾌﾟ)　仕入,,,1,,,,,,,,,,,,
20210731,,21,0,1,,,,,,,,,,,1,0,,3120,,10307,,0,,5025,0,確定05月配信【19】LINE(ｸﾘｴｲﾀｰｽﾞﾏｰｹｯﾄｽﾀﾝﾌﾟ)　仕入,,,1,,,,,,,,,,,,
20210731,,21,0,1,,,,,,,,,,,1,0,,3120,,10311,,0,,665,0,確定05月配信【19】LINE(ｸﾘｴｲﾀｰｽﾞﾏｰｹｯﾄｽﾀﾝﾌﾟ)　仕入,,,1,,,,,,,,,,,,
20210731,,21,0,1,,,,,,,,,,,1,0,,3120,,10312,,0,,5694,0,確定05月配信【19】LINE(ｸﾘｴｲﾀｰｽﾞﾏｰｹｯﾄｽﾀﾝﾌﾟ)　仕入,,,1,,,,,,,,,,,,
20210731,,21,0,1,,,,,,,,,,,1,0,,3120,,10313,,0,,12674,0,確定05月配信【19】LINE(ｸﾘｴｲﾀｰｽﾞﾏｰｹｯﾄｽﾀﾝﾌﾟ)　仕入,,,1,,,,,,,,,,,,
20210731,,21,0,1,,,,,,,,,,,1,0,,3120,,10314,,0,,837,0,確定05月配信【19】LINE(ｸﾘｴｲﾀｰｽﾞﾏｰｹｯﾄｽﾀﾝﾌﾟ)　仕入,,,1,,,,,,,,,,,,
20210731,,21,0,1,,,,,,,,,,,1,0,,3120,,10318,,0,,844,0,確定05月配信【19】LINE(ｸﾘｴｲﾀｰｽﾞﾏｰｹｯﾄｽﾀﾝﾌﾟ)　仕入,,,1,,,,,,,,,,,,
20210731,,21,0,1,,,,,,,,,,,1,0,,3120,,10320,,0,,3679,0,確定05月配信【19】LINE(ｸﾘｴｲﾀｰｽﾞﾏｰｹｯﾄｽﾀﾝﾌﾟ)　仕入,,,1,,,,,,,,,,,,
20210731,,21,0,1,,,,,,,,,,,1,0,,3120,,10322,,0,,19068,0,確定05月配信【19】LINE(ｸﾘｴｲﾀｰｽﾞﾏｰｹｯﾄｽﾀﾝﾌﾟ)　仕入,,,1,,,,,,,,,,,,
20210731,,21,0,1,,,,,,,,,,,1,0,,3120,,10324,,0,,7232,0,確定05月配信【19】LINE(ｸﾘｴｲﾀｰｽﾞﾏｰｹｯﾄｽﾀﾝﾌﾟ)　仕入,,,1,,,,,,,,,,,,
20210731,,21,0,1,,,,,,,,,,,1,0,,3120,,10325,,0,,32091,0,確定05月配信【19】LINE(ｸﾘｴｲﾀｰｽﾞﾏｰｹｯﾄｽﾀﾝﾌﾟ)　仕入,,,1,,,,,,,,,,,,
20210731,,21,0,1,,,,,,,,,,,1,0,,3120,,10326,,0,,10441,0,確定05月配信【19】LINE(ｸﾘｴｲﾀｰｽﾞﾏｰｹｯﾄｽﾀﾝﾌﾟ)　仕入,,,1,,,,,,,,,,,,
20210731,,21,0,1,000,,5413,,2,,Q5,,50130,0,1,0,,3120,,10009,,0,,238,0,確定05月配信【20】LINE(ｸﾘｴｲﾀｰｽﾞﾏｰｹｯﾄきせかえ)　仕入,,,1,,,,,,,,,,,,
20210731,,21,0,1,,,,,,,,,,,1,0,,3120,,10015,,0,,16366,0,確定05月配信【20】LINE(ｸﾘｴｲﾀｰｽﾞﾏｰｹｯﾄきせかえ)　仕入,,,1,,,,,,,,,,,,
20210731,,21,0,1,,,,,,,,,,,1,0,,3120,,10018,,0,,330,0,確定05月配信【20】LINE(ｸﾘｴｲﾀｰｽﾞﾏｰｹｯﾄきせかえ)　仕入,,,1,,,,,,,,,,,,
20210731,,21,0,1,,,,,,,,,,,1,0,,3120,,10019,,0,,129,0,確定05月配信【20】LINE(ｸﾘｴｲﾀｰｽﾞﾏｰｹｯﾄきせかえ)　仕入,,,1,,,,,,,,,,,,
20210731,,21,0,1,,,,,,,,,,,1,0,,3120,,10020,,0,,67,0,確定05月配信【20】LINE(ｸﾘｴｲﾀｰｽﾞﾏｰｹｯﾄきせかえ)　仕入,,,1,,,,,,,,,,,,
20210731,,21,0,1,,,,,,,,,,,1,0,,3120,,10026,,0,,28,0,確定05月配信【20】LINE(ｸﾘｴｲﾀｰｽﾞﾏｰｹｯﾄきせかえ)　仕入,,,1,,,,,,,,,,,,
20210731,,21,0,1,,,,,,,,,,,1,0,,3120,,10052,,0,,152,0,確定05月配信【20】LINE(ｸﾘｴｲﾀｰｽﾞﾏｰｹｯﾄきせかえ)　仕入,,,1,,,,,,,,,,,,
20210731,,21,0,1,,,,,,,,,,,1,0,,3120,,10062,,0,,385,0,確定05月配信【20】LINE(ｸﾘｴｲﾀｰｽﾞﾏｰｹｯﾄきせかえ)　仕入,,,1,,,,,,,,,,,,
20210731,,21,0,1,,,,,,,,,,,1,0,,3120,,10064,,0,,1272,0,確定05月配信【20】LINE(ｸﾘｴｲﾀｰｽﾞﾏｰｹｯﾄきせかえ)　仕入,,,1,,,,,,,,,,,,
20210731,,21,0,1,,,,,,,,,,,1,0,,3120,,10090,,0,,197,0,確定05月配信【20】LINE(ｸﾘｴｲﾀｰｽﾞﾏｰｹｯﾄきせかえ)　仕入,,,1,,,,,,,,,,,,
20210731,,21,0,1,,,,,,,,,,,1,0,,3120,,10117,,0,,30,0,確定05月配信【20】LINE(ｸﾘｴｲﾀｰｽﾞﾏｰｹｯﾄきせかえ)　仕入,,,1,,,,,,,,,,,,
20210731,,21,0,1,,,,,,,,,,,1,0,,3120,,10118,,0,,501,0,確定05月配信【20】LINE(ｸﾘｴｲﾀｰｽﾞﾏｰｹｯﾄきせかえ)　仕入,,,1,,,,,,,,,,,,
20210731,,21,0,1,,,,,,,,,,,1,0,,3120,,10146,,0,,28,0,確定05月配信【20】LINE(ｸﾘｴｲﾀｰｽﾞﾏｰｹｯﾄきせかえ)　仕入,,,1,,,,,,,,,,,,
20210731,,21,0,1,,,,,,,,,,,1,0,,3120,,10150,,0,,219,0,確定05月配信【20】LINE(ｸﾘｴｲﾀｰｽﾞﾏｰｹｯﾄきせかえ)　仕入,,,1,,,,,,,,,,,,
20210731,,21,0,1,,,,,,,,,,,1,0,,3120,,10153,,0,,1376,0,確定05月配信【20】LINE(ｸﾘｴｲﾀｰｽﾞﾏｰｹｯﾄきせかえ)　仕入,,,1,,,,,,,,,,,,
20210731,,21,0,1,,,,,,,,,,,1,0,,3120,,10218,,0,,1751,0,確定05月配信【20】LINE(ｸﾘｴｲﾀｰｽﾞﾏｰｹｯﾄきせかえ)　仕入,,,1,,,,,,,,,,,,
20210731,,21,0,1,,,,,,,,,,,1,0,,3120,,10229,,0,,1729,0,確定05月配信【20】LINE(ｸﾘｴｲﾀｰｽﾞﾏｰｹｯﾄきせかえ)　仕入,,,1,,,,,,,,,,,,
20210731,,21,0,1,,,,,,,,,,,1,0,,3120,,10236,,0,,96,0,確定05月配信【20】LINE(ｸﾘｴｲﾀｰｽﾞﾏｰｹｯﾄきせかえ)　仕入,,,1,,,,,,,,,,,,
20210731,,21,0,1,,,,,,,,,,,1,0,,3120,,10257,,0,,28,0,確定05月配信【20】LINE(ｸﾘｴｲﾀｰｽﾞﾏｰｹｯﾄきせかえ)　仕入,,,1,,,,,,,,,,,,
20210731,,21,0,1,,,,,,,,,,,1,0,,3120,,10264,,0,,98,0,確定05月配信【20】LINE(ｸﾘｴｲﾀｰｽﾞﾏｰｹｯﾄきせかえ)　仕入,,,1,,,,,,,,,,,,
20210731,,21,0,1,,,,,,,,,,,1,0,,3120,,10270,,0,,557,0,確定05月配信【20】LINE(ｸﾘｴｲﾀｰｽﾞﾏｰｹｯﾄきせかえ)　仕入,,,1,,,,,,,,,,,,
20210731,,21,0,1,,,,,,,,,,,1,0,,3120,,10274,,0,,18331,0,確定05月配信【20】LINE(ｸﾘｴｲﾀｰｽﾞﾏｰｹｯﾄきせかえ)　仕入,,,1,,,,,,,,,,,,
20210731,,21,0,1,,,,,,,,,,,1,0,,3120,,10280,,0,,39,0,確定05月配信【20】LINE(ｸﾘｴｲﾀｰｽﾞﾏｰｹｯﾄきせかえ)　仕入,,,1,,,,,,,,,,,,
20210731,,21,0,1,,,,,,,,,,,1,0,,3120,,10281,,0,,4943,0,確定05月配信【20】LINE(ｸﾘｴｲﾀｰｽﾞﾏｰｹｯﾄきせかえ)　仕入,,,1,,,,,,,,,,,,
20210731,,21,0,1,,,,,,,,,,,1,0,,3120,,10283,,0,,570,0,確定05月配信【20】LINE(ｸﾘｴｲﾀｰｽﾞﾏｰｹｯﾄきせかえ)　仕入,,,1,,,,,,,,,,,,
20210731,,21,0,1,,,,,,,,,,,1,0,,3120,,10285,,0,,670,0,確定05月配信【20】LINE(ｸﾘｴｲﾀｰｽﾞﾏｰｹｯﾄきせかえ)　仕入,,,1,,,,,,,,,,,,
20210731,,21,0,1,000,,5413,,2,,Q5,,56045,0,1,0,,3120,,10010,,0,,2336,0,確定05月配信【21】LINE(ｸﾘｴｲﾀｰｽﾞﾏｰｹｯﾄ絵文字)　仕入,,,1,,,,,,,,,,,,
20210731,,21,0,1,,,,,,,,,,,1,0,,3120,,10020,,0,,1187,0,確定05月配信【21】LINE(ｸﾘｴｲﾀｰｽﾞﾏｰｹｯﾄ絵文字)　仕入,,,1,,,,,,,,,,,,
20210731,,21,0,1,,,,,,,,,,,1,0,,3120,,10062,,0,,70,0,確定05月配信【21】LINE(ｸﾘｴｲﾀｰｽﾞﾏｰｹｯﾄ絵文字)　仕入,,,1,,,,,,,,,,,,
20210731,,21,0,1,,,,,,,,,,,1,0,,3120,,10081,,0,,681,0,確定05月配信【21】LINE(ｸﾘｴｲﾀｰｽﾞﾏｰｹｯﾄ絵文字)　仕入,,,1,,,,,,,,,,,,
20210731,,21,0,1,,,,,,,,,,,1,0,,3120,,10118,,0,,1536,0,確定05月配信【21】LINE(ｸﾘｴｲﾀｰｽﾞﾏｰｹｯﾄ絵文字)　仕入,,,1,,,,,,,,,,,,
20210731,,21,0,1,,,,,,,,,,,1,0,,3120,,10146,,0,,111,0,確定05月配信【21】LINE(ｸﾘｴｲﾀｰｽﾞﾏｰｹｯﾄ絵文字)　仕入,,,1,,,,,,,,,,,,
20210731,,21,0,1,,,,,,,,,,,1,0,,3120,,10153,,0,,10004,0,確定05月配信【21】LINE(ｸﾘｴｲﾀｰｽﾞﾏｰｹｯﾄ絵文字)　仕入,,,1,,,,,,,,,,,,
20210731,,21,0,1,,,,,,,,,,,1,0,,3120,,10232,,0,,185,0,確定05月配信【21】LINE(ｸﾘｴｲﾀｰｽﾞﾏｰｹｯﾄ絵文字)　仕入,,,1,,,,,,,,,,,,
20210731,,21,0,1,,,,,,,,,,,1,0,,3120,,10236,,0,,481,0,確定05月配信【21】LINE(ｸﾘｴｲﾀｰｽﾞﾏｰｹｯﾄ絵文字)　仕入,,,1,,,,,,,,,,,,
20210731,,21,0,1,,,,,,,,,,,1,0,,3120,,10242,,0,,112,0,確定05月配信【21】LINE(ｸﾘｴｲﾀｰｽﾞﾏｰｹｯﾄ絵文字)　仕入,,,1,,,,,,,,,,,,
20210731,,21,0,1,,,,,,,,,,,1,0,,3120,,10257,,0,,75,0,確定05月配信【21】LINE(ｸﾘｴｲﾀｰｽﾞﾏｰｹｯﾄ絵文字)　仕入,,,1,,,,,,,,,,,,
20210731,,21,0,1,,,,,,,,,,,1,0,,3120,,10258,,0,,534,0,確定05月配信【21】LINE(ｸﾘｴｲﾀｰｽﾞﾏｰｹｯﾄ絵文字)　仕入,,,1,,,,,,,,,,,,
20210731,,21,0,1,,,,,,,,,,,1,0,,3120,,10260,,0,,1875,0,確定05月配信【21】LINE(ｸﾘｴｲﾀｰｽﾞﾏｰｹｯﾄ絵文字)　仕入,,,1,,,,,,,,,,,,
20210731,,21,0,1,,,,,,,,,,,1,0,,3120,,10264,,0,,263,0,確定05月配信【21】LINE(ｸﾘｴｲﾀｰｽﾞﾏｰｹｯﾄ絵文字)　仕入,,,1,,,,,,,,,,,,
20210731,,21,0,1,,,,,,,,,,,1,0,,3120,,10270,,0,,22371,0,確定05月配信【21】LINE(ｸﾘｴｲﾀｰｽﾞﾏｰｹｯﾄ絵文字)　仕入,,,1,,,,,,,,,,,,
20210731,,21,0,1,,,,,,,,,,,1,0,,3120,,10273,,0,,870,0,確定05月配信【21】LINE(ｸﾘｴｲﾀｰｽﾞﾏｰｹｯﾄ絵文字)　仕入,,,1,,,,,,,,,,,,
20210731,,21,0,1,,,,,,,,,,,1,0,,3120,,10276,,0,,2569,0,確定05月配信【21】LINE(ｸﾘｴｲﾀｰｽﾞﾏｰｹｯﾄ絵文字)　仕入,,,1,,,,,,,,,,,,
20210731,,21,0,1,,,,,,,,,,,1,0,,3120,,10277,,0,,355,0,確定05月配信【21】LINE(ｸﾘｴｲﾀｰｽﾞﾏｰｹｯﾄ絵文字)　仕入,,,1,,,,,,,,,,,,
20210731,,21,0,1,,,,,,,,,,,1,0,,3120,,10281,,0,,3116,0,確定05月配信【21】LINE(ｸﾘｴｲﾀｰｽﾞﾏｰｹｯﾄ絵文字)　仕入,,,1,,,,,,,,,,,,
20210731,,21,0,1,,,,,,,,,,,1,0,,3120,,10284,,0,,45,0,確定05月配信【21】LINE(ｸﾘｴｲﾀｰｽﾞﾏｰｹｯﾄ絵文字)　仕入,,,1,,,,,,,,,,,,
20210731,,21,0,1,,,,,,,,,,,1,0,,3120,,10285,,0,,1775,0,確定05月配信【21】LINE(ｸﾘｴｲﾀｰｽﾞﾏｰｹｯﾄ絵文字)　仕入,,,1,,,,,,,,,,,,
20210731,,21,0,1,,,,,,,,,,,1,0,,3120,,10289,,0,,20,0,確定05月配信【21】LINE(ｸﾘｴｲﾀｰｽﾞﾏｰｹｯﾄ絵文字)　仕入,,,1,,,,,,,,,,,,
20210731,,21,0,1,,,,,,,,,,,1,0,,3120,,10293,,0,,525,0,確定05月配信【21】LINE(ｸﾘｴｲﾀｰｽﾞﾏｰｹｯﾄ絵文字)　仕入,,,1,,,,,,,,,,,,
20210731,,21,0,1,,,,,,,,,,,1,0,,3120,,10294,,0,,1297,0,確定05月配信【21】LINE(ｸﾘｴｲﾀｰｽﾞﾏｰｹｯﾄ絵文字)　仕入,,,1,,,,,,,,,,,,
20210731,,21,0,1,,,,,,,,,,,1,0,,3120,,10295,,0,,306,0,確定05月配信【21】LINE(ｸﾘｴｲﾀｰｽﾞﾏｰｹｯﾄ絵文字)　仕入,,,1,,,,,,,,,,,,
20210731,,21,0,1,,,,,,,,,,,1,0,,3120,,10302,,0,,1202,0,確定05月配信【21】LINE(ｸﾘｴｲﾀｰｽﾞﾏｰｹｯﾄ絵文字)　仕入,,,1,,,,,,,,,,,,
20210731,,21,0,1,,,,,,,,,,,1,0,,3120,,10303,,0,,284,0,確定05月配信【21】LINE(ｸﾘｴｲﾀｰｽﾞﾏｰｹｯﾄ絵文字)　仕入,,,1,,,,,,,,,,,,
20210731,,21,0,1,,,,,,,,,,,1,0,,3120,,10306,,0,,478,0,確定05月配信【21】LINE(ｸﾘｴｲﾀｰｽﾞﾏｰｹｯﾄ絵文字)　仕入,,,1,,,,,,,,,,,,
20210731,,21,0,1,,,,,,,,,,,1,0,,3120,,10314,,0,,220,0,確定05月配信【21】LINE(ｸﾘｴｲﾀｰｽﾞﾏｰｹｯﾄ絵文字)　仕入,,,1,,,,,,,,,,,,
20210731,,21,0,1,,,,,,,,,,,1,0,,3120,,10318,,0,,238,0,確定05月配信【21】LINE(ｸﾘｴｲﾀｰｽﾞﾏｰｹｯﾄ絵文字)　仕入,,,1,,,,,,,,,,,,
20210731,,21,0,1,,,,,,,,,,,1,0,,3120,,10320,,0,,347,0,確定05月配信【21】LINE(ｸﾘｴｲﾀｰｽﾞﾏｰｹｯﾄ絵文字)　仕入,,,1,,,,,,,,,,,,
20210731,,21,0,1,,,,,,,,,,,1,0,,3120,,10321,,0,,289,0,確定05月配信【21】LINE(ｸﾘｴｲﾀｰｽﾞﾏｰｹｯﾄ絵文字)　仕入,,,1,,,,,,,,,,,,
20210731,,21,0,1,,,,,,,,,,,1,0,,3120,,10323,,0,,195,0,確定05月配信【21】LINE(ｸﾘｴｲﾀｰｽﾞﾏｰｹｯﾄ絵文字)　仕入,,,1,,,,,,,,,,,,
20210731,,21,0,1,,,,,,,,,,,1,0,,3120,,10324,,0,,93,0,確定05月配信【21】LINE(ｸﾘｴｲﾀｰｽﾞﾏｰｹｯﾄ絵文字)　仕入,,,1,,,,,,,,,,,,
20210731,,21,0,1,000,,5413,,2,,Q5,,5709,0,1,0,,3120,,10006,,0,,10,0,確定05月配信【24】Lobi(ｶﾔｯｸ社)　仕入,,,1,,,,,,,,,,,,
20210731,,21,0,1,,,,,,,,,,,1,0,,3120,,10010,,0,,120,0,確定05月配信【24】Lobi(ｶﾔｯｸ社)　仕入,,,1,,,,,,,,,,,,
20210731,,21,0,1,,,,,,,,,,,1,0,,3120,,10013,,0,,881,0,確定05月配信【24】Lobi(ｶﾔｯｸ社)　仕入,,,1,,,,,,,,,,,,
20210731,,21,0,1,,,,,,,,,,,1,0,,3120,,10015,,0,,592,0,確定05月配信【24】Lobi(ｶﾔｯｸ社)　仕入,,,1,,,,,,,,,,,,
20210731,,21,0,1,,,,,,,,,,,1,0,,3120,,10019,,0,,70,0,確定05月配信【24】Lobi(ｶﾔｯｸ社)　仕入,,,1,,,,,,,,,,,,
20210731,,21,0,1,,,,,,,,,,,1,0,,3120,,10020,,0,,20,0,確定05月配信【24】Lobi(ｶﾔｯｸ社)　仕入,,,1,,,,,,,,,,,,
20210731,,21,0,1,,,,,,,,,,,1,0,,3120,,10024,,0,,50,0,確定05月配信【24】Lobi(ｶﾔｯｸ社)　仕入,,,1,,,,,,,,,,,,
20210731,,21,0,1,,,,,,,,,,,1,0,,3120,,10026,,0,,30,0,確定05月配信【24】Lobi(ｶﾔｯｸ社)　仕入,,,1,,,,,,,,,,,,
20210731,,21,0,1,,,,,,,,,,,1,0,,3120,,10035,,0,,500,0,確定05月配信【24】Lobi(ｶﾔｯｸ社)　仕入,,,1,,,,,,,,,,,,
20210731,,21,0,1,,,,,,,,,,,1,0,,3120,,10039,,0,,30,0,確定05月配信【24】Lobi(ｶﾔｯｸ社)　仕入,,,1,,,,,,,,,,,,
20210731,,21,0,1,,,,,,,,,,,1,0,,3120,,10040,,0,,30,0,確定05月配信【24】Lobi(ｶﾔｯｸ社)　仕入,,,1,,,,,,,,,,,,
20210731,,21,0,1,,,,,,,,,,,1,0,,3120,,10052,,0,,210,0,確定05月配信【24】Lobi(ｶﾔｯｸ社)　仕入,,,1,,,,,,,,,,,,
20210731,,21,0,1,,,,,,,,,,,1,0,,3120,,10062,,0,,30,0,確定05月配信【24】Lobi(ｶﾔｯｸ社)　仕入,,,1,,,,,,,,,,,,
20210731,,21,0,1,,,,,,,,,,,1,0,,3120,,10065,,0,,50,0,確定05月配信【24】Lobi(ｶﾔｯｸ社)　仕入,,,1,,,,,,,,,,,,
20210731,,21,0,1,,,,,,,,,,,1,0,,3120,,10086,,0,,311,0,確定05月配信【24】Lobi(ｶﾔｯｸ社)　仕入,,,1,,,,,,,,,,,,
20210731,,21,0,1,,,,,,,,,,,1,0,,3120,,10090,,0,,300,0,確定05月配信【24】Lobi(ｶﾔｯｸ社)　仕入,,,1,,,,,,,,,,,,
20210731,,21,0,1,,,,,,,,,,,1,0,,3120,,10093,,0,,20,0,確定05月配信【24】Lobi(ｶﾔｯｸ社)　仕入,,,1,,,,,,,,,,,,
20210731,,21,0,1,,,,,,,,,,,1,0,,3120,,10096,,0,,492,0,確定05月配信【24】Lobi(ｶﾔｯｸ社)　仕入,,,1,,,,,,,,,,,,
20210731,,21,0,1,,,,,,,,,,,1,0,,3120,,10102,,0,,40,0,確定05月配信【24】Lobi(ｶﾔｯｸ社)　仕入,,,1,,,,,,,,,,,,
20210731,,21,0,1,,,,,,,,,,,1,0,,3120,,10117,,0,,10,0,確定05月配信【24】Lobi(ｶﾔｯｸ社)　仕入,,,1,,,,,,,,,,,,
20210731,,21,0,1,,,,,,,,,,,1,0,,3120,,10139,,0,,10,0,確定05月配信【24】Lobi(ｶﾔｯｸ社)　仕入,,,1,,,,,,,,,,,,
20210731,,21,0,1,,,,,,,,,,,1,0,,3120,,10140,,0,,10,0,確定05月配信【24】Lobi(ｶﾔｯｸ社)　仕入,,,1,,,,,,,,,,,,
20210731,,21,0,1,,,,,,,,,,,1,0,,3120,,10146,,0,,90,0,確定05月配信【24】Lobi(ｶﾔｯｸ社)　仕入,,,1,,,,,,,,,,,,
20210731,,21,0,1,,,,,,,,,,,1,0,,3120,,10150,,0,,923,0,確定05月配信【24】Lobi(ｶﾔｯｸ社)　仕入,,,1,,,,,,,,,,,,
20210731,,21,0,1,,,,,,,,,,,1,0,,3120,,10153,,0,,30,0,確定05月配信【24】Lobi(ｶﾔｯｸ社)　仕入,,,1,,,,,,,,,,,,
20210731,,21,0,1,,,,,,,,,,,1,0,,3120,,10210,,0,,70,0,確定05月配信【24】Lobi(ｶﾔｯｸ社)　仕入,,,1,,,,,,,,,,,,
20210731,,21,0,1,,,,,,,,,,,1,0,,3120,,10211,,0,,40,0,確定05月配信【24】Lobi(ｶﾔｯｸ社)　仕入,,,1,,,,,,,,,,,,
20210731,,21,0,1,,,,,,,,,,,1,0,,3120,,10218,,0,,50,0,確定05月配信【24】Lobi(ｶﾔｯｸ社)　仕入,,,1,,,,,,,,,,,,
20210731,,21,0,1,,,,,,,,,,,1,0,,3120,,10248,,0,,60,0,確定05月配信【24】Lobi(ｶﾔｯｸ社)　仕入,,,1,,,,,,,,,,,,
20210731,,21,0,1,,,,,,,,,,,1,0,,3120,,10267,,0,,30,0,確定05月配信【24】Lobi(ｶﾔｯｸ社)　仕入,,,1,,,,,,,,,,,,
20210731,,21,0,1,,,,,,,,,,,1,0,,3120,,10270,,0,,20,0,確定05月配信【24】Lobi(ｶﾔｯｸ社)　仕入,,,1,,,,,,,,,,,,
20210731,,21,0,1,,,,,,,,,,,1,0,,3120,,10274,,0,,100,0,確定05月配信【24】Lobi(ｶﾔｯｸ社)　仕入,,,1,,,,,,,,,,,,
20210731,,21,0,1,,,,,,,,,,,1,0,,3120,,10276,,0,,100,0,確定05月配信【24】Lobi(ｶﾔｯｸ社)　仕入,,,1,,,,,,,,,,,,
20210731,,21,0,1,,,,,,,,,,,1,0,,3120,,10281,,0,,10,0,確定05月配信【24】Lobi(ｶﾔｯｸ社)　仕入,,,1,,,,,,,,,,,,
20210731,,21,0,1,,,,,,,,,,,1,0,,3120,,10289,,0,,10,0,確定05月配信【24】Lobi(ｶﾔｯｸ社)　仕入,,,1,,,,,,,,,,,,
20210731,,21,0,1,,,,,,,,,,,1,0,,3120,,10290,,0,,40,0,確定05月配信【24】Lobi(ｶﾔｯｸ社)　仕入,,,1,,,,,,,,,,,,
20210731,,21,0,1,,,,,,,,,,,1,0,,3120,,10294,,0,,120,0,確定05月配信【24】Lobi(ｶﾔｯｸ社)　仕入,,,1,,,,,,,,,,,,
20210731,,21,0,1,,,,,,,,,,,1,0,,3120,,10307,,0,,70,0,確定05月配信【24】Lobi(ｶﾔｯｸ社)　仕入,,,1,,,,,,,,,,,,
20210731,,21,0,1,,,,,,,,,,,1,0,,3120,,10311,,0,,20,0,確定05月配信【24】Lobi(ｶﾔｯｸ社)　仕入,,,1,,,,,,,,,,,,
20210731,,21,0,1,,,,,,,,,,,1,0,,3120,,10318,,0,,10,0,確定05月配信【24】Lobi(ｶﾔｯｸ社)　仕入,,,1,,,,,,,,,,,,
20210731,,21,0,1,,,,,,,,,,,1,0,,3120,,10324,,0,,100,0,確定05月配信【24】Lobi(ｶﾔｯｸ社)　仕入,,,1,,,,,,,,,,,,
20210731,,21,0,1,000,,5413,,2,,Q5,,482037,0,1,0,,3120,,10004,,0,,2905,0,確定05月配信【25】ｶｶｵｼﾞｬﾊﾟﾝ　仕入,,,1,,,,,,,,,,,,
20210731,,21,0,1,,,,,,,,,,,1,0,,3120,,10009,,0,,9906,0,確定05月配信【25】ｶｶｵｼﾞｬﾊﾟﾝ　仕入,,,1,,,,,,,,,,,,
20210731,,21,0,1,,,,,,,,,,,1,0,,3120,,10015,,0,,400,0,確定05月配信【25】ｶｶｵｼﾞｬﾊﾟﾝ　仕入,,,1,,,,,,,,,,,,
20210731,,21,0,1,,,,,,,,,,,1,0,,3120,,10026,,0,,585,0,確定05月配信【25】ｶｶｵｼﾞｬﾊﾟﾝ　仕入,,,1,,,,,,,,,,,,
20210731,,21,0,1,,,,,,,,,,,1,0,,3120,,10033,,0,,1958,0,確定05月配信【25】ｶｶｵｼﾞｬﾊﾟﾝ　仕入,,,1,,,,,,,,,,,,
20210731,,21,0,1,,,,,,,,,,,1,0,,3120,,10035,,0,,333,0,確定05月配信【25】ｶｶｵｼﾞｬﾊﾟﾝ　仕入,,,1,,,,,,,,,,,,
20210731,,21,0,1,,,,,,,,,,,1,0,,3120,,10043,,0,,318877,0,確定05月配信【25】ｶｶｵｼﾞｬﾊﾟﾝ　仕入,,,1,,,,,,,,,,,,
20210731,,21,0,1,,,,,,,,,,,1,0,,3120,,10052,,0,,580,0,確定05月配信【25】ｶｶｵｼﾞｬﾊﾟﾝ　仕入,,,1,,,,,,,,,,,,
20210731,,21,0,1,,,,,,,,,,,1,0,,3120,,10084,,0,,1839,0,確定05月配信【25】ｶｶｵｼﾞｬﾊﾟﾝ　仕入,,,1,,,,,,,,,,,,
20210731,,21,0,1,,,,,,,,,,,1,0,,3120,,10090,,0,,412,0,確定05月配信【25】ｶｶｵｼﾞｬﾊﾟﾝ　仕入,,,1,,,,,,,,,,,,
20210731,,21,0,1,,,,,,,,,,,1,0,,3120,,10098,,0,,988,0,確定05月配信【25】ｶｶｵｼﾞｬﾊﾟﾝ　仕入,,,1,,,,,,,,,,,,
20210731,,21,0,1,,,,,,,,,,,1,0,,3120,,10118,,0,,2241,0,確定05月配信【25】ｶｶｵｼﾞｬﾊﾟﾝ　仕入,,,1,,,,,,,,,,,,
20210731,,21,0,1,,,,,,,,,,,1,0,,3120,,10153,,0,,4451,0,確定05月配信【25】ｶｶｵｼﾞｬﾊﾟﾝ　仕入,,,1,,,,,,,,,,,,
20210731,,21,0,1,,,,,,,,,,,1,0,,3120,,10174,,0,,1033,0,確定05月配信【25】ｶｶｵｼﾞｬﾊﾟﾝ　仕入,,,1,,,,,,,,,,,,
20210731,,21,0,1,,,,,,,,,,,1,0,,3120,,10180,,0,,189,0,確定05月配信【25】ｶｶｵｼﾞｬﾊﾟﾝ　仕入,,,1,,,,,,,,,,,,
20210731,,21,0,1,,,,,,,,,,,1,0,,3120,,10218,,0,,11318,0,確定05月配信【25】ｶｶｵｼﾞｬﾊﾟﾝ　仕入,,,1,,,,,,,,,,,,
20210731,,21,0,1,,,,,,,,,,,1,0,,3120,,10219,,0,,2140,0,確定05月配信【25】ｶｶｵｼﾞｬﾊﾟﾝ　仕入,,,1,,,,,,,,,,,,
20210731,,21,0,1,,,,,,,,,,,1,0,,3120,,10226,,0,,2313,0,確定05月配信【25】ｶｶｵｼﾞｬﾊﾟﾝ　仕入,,,1,,,,,,,,,,,,
20210731,,21,0,1,,,,,,,,,,,1,0,,3120,,10232,,0,,1464,0,確定05月配信【25】ｶｶｵｼﾞｬﾊﾟﾝ　仕入,,,1,,,,,,,,,,,,
20210731,,21,0,1,,,,,,,,,,,1,0,,3120,,10240,,0,,725,0,確定05月配信【25】ｶｶｵｼﾞｬﾊﾟﾝ　仕入,,,1,,,,,,,,,,,,
20210731,,21,0,1,,,,,,,,,,,1,0,,3120,,10274,,0,,595,0,確定05月配信【25】ｶｶｵｼﾞｬﾊﾟﾝ　仕入,,,1,,,,,,,,,,,,
20210731,,21,0,1,,,,,,,,,,,1,0,,3120,,10279,,0,,4545,0,確定05月配信【25】ｶｶｵｼﾞｬﾊﾟﾝ　仕入,,,1,,,,,,,,,,,,
20210731,,21,0,1,,,,,,,,,,,1,0,,3120,,10282,,0,,20644,0,確定05月配信【25】ｶｶｵｼﾞｬﾊﾟﾝ　仕入,,,1,,,,,,,,,,,,
20210731,,21,0,1,,,,,,,,,,,1,0,,3120,,10308,,0,,91596,0,確定05月配信【25】ｶｶｵｼﾞｬﾊﾟﾝ　仕入,,,1,,,,,,,,,,,,
20210731,,21,0,1,000,,5413,,2,,Q5,,21929,0,1,0,,3120,,10005,,0,,289,0,確定06月配信【27】SHOWROOM>ｱﾊﾞﾀｰ　仕入,,,1,,,,,,,,,,,,
20210731,,21,0,1,,,,,,,,,,,1,0,,3120,,10009,,0,,866,0,確定06月配信【27】SHOWROOM>ｱﾊﾞﾀｰ　仕入,,,1,,,,,,,,,,,,
20210731,,21,0,1,,,,,,,,,,,1,0,,3120,,10013,,0,,577,0,確定06月配信【27】SHOWROOM>ｱﾊﾞﾀｰ　仕入,,,1,,,,,,,,,,,,
20210731,,21,0,1,,,,,,,,,,,1,0,,3120,,10015,,0,,1270,0,確定06月配信【27】SHOWROOM>ｱﾊﾞﾀｰ　仕入,,,1,,,,,,,,,,,,
20210731,,21,0,1,,,,,,,,,,,1,0,,3120,,10019,,0,,173,0,確定06月配信【27】SHOWROOM>ｱﾊﾞﾀｰ　仕入,,,1,,,,,,,,,,,,
20210731,,21,0,1,,,,,,,,,,,1,0,,3120,,10020,,0,,520,0,確定06月配信【27】SHOWROOM>ｱﾊﾞﾀｰ　仕入,,,1,,,,,,,,,,,,
20210731,,21,0,1,,,,,,,,,,,1,0,,3120,,10030,,0,,404,0,確定06月配信【27】SHOWROOM>ｱﾊﾞﾀｰ　仕入,,,1,,,,,,,,,,,,
20210731,,21,0,1,,,,,,,,,,,1,0,,3120,,10033,,0,,693,0,確定06月配信【27】SHOWROOM>ｱﾊﾞﾀｰ　仕入,,,1,,,,,,,,,,,,
20210731,,21,0,1,,,,,,,,,,,1,0,,3120,,10035,,0,,751,0,確定06月配信【27】SHOWROOM>ｱﾊﾞﾀｰ　仕入,,,1,,,,,,,,,,,,
20210731,,21,0,1,,,,,,,,,,,1,0,,3120,,10039,,0,,1328,0,確定06月配信【27】SHOWROOM>ｱﾊﾞﾀｰ　仕入,,,1,,,,,,,,,,,,
20210731,,21,0,1,,,,,,,,,,,1,0,,3120,,10052,,0,,346,0,確定06月配信【27】SHOWROOM>ｱﾊﾞﾀｰ　仕入,,,1,,,,,,,,,,,,
20210731,,21,0,1,,,,,,,,,,,1,0,,3120,,10064,,0,,462,0,確定06月配信【27】SHOWROOM>ｱﾊﾞﾀｰ　仕入,,,1,,,,,,,,,,,,
20210731,,21,0,1,,,,,,,,,,,1,0,,3120,,10065,,0,,346,0,確定06月配信【27】SHOWROOM>ｱﾊﾞﾀｰ　仕入,,,1,,,,,,,,,,,,
20210731,,21,0,1,,,,,,,,,,,1,0,,3120,,10086,,0,,635,0,確定06月配信【27】SHOWROOM>ｱﾊﾞﾀｰ　仕入,,,1,,,,,,,,,,,,
20210731,,21,0,1,,,,,,,,,,,1,0,,3120,,10096,,0,,462,0,確定06月配信【27】SHOWROOM>ｱﾊﾞﾀｰ　仕入,,,1,,,,,,,,,,,,
20210731,,21,0,1,,,,,,,,,,,1,0,,3120,,10118,,0,,1963,0,確定06月配信【27】SHOWROOM>ｱﾊﾞﾀｰ　仕入,,,1,,,,,,,,,,,,
20210731,,21,0,1,,,,,,,,,,,1,0,,3120,,10138,,0,,346,0,確定06月配信【27】SHOWROOM>ｱﾊﾞﾀｰ　仕入,,,1,,,,,,,,,,,,
20210731,,21,0,1,,,,,,,,,,,1,0,,3120,,10139,,0,,289,0,確定06月配信【27】SHOWROOM>ｱﾊﾞﾀｰ　仕入,,,1,,,,,,,,,,,,
20210731,,21,0,1,,,,,,,,,,,1,0,,3120,,10150,,0,,577,0,確定06月配信【27】SHOWROOM>ｱﾊﾞﾀｰ　仕入,,,1,,,,,,,,,,,,
20210731,,21,0,1,,,,,,,,,,,1,0,,3120,,10174,,0,,577,0,確定06月配信【27】SHOWROOM>ｱﾊﾞﾀｰ　仕入,,,1,,,,,,,,,,,,
20210731,,21,0,1,,,,,,,,,,,1,0,,3120,,10180,,0,,693,0,確定06月配信【27】SHOWROOM>ｱﾊﾞﾀｰ　仕入,,,1,,,,,,,,,,,,
20210731,,21,0,1,,,,,,,,,,,1,0,,3120,,10209,,0,,231,0,確定06月配信【27】SHOWROOM>ｱﾊﾞﾀｰ　仕入,,,1,,,,,,,,,,,,
20210731,,21,0,1,,,,,,,,,,,1,0,,3120,,10210,,0,,1213,0,確定06月配信【27】SHOWROOM>ｱﾊﾞﾀｰ　仕入,,,1,,,,,,,,,,,,
20210731,,21,0,1,,,,,,,,,,,1,0,,3120,,10218,,0,,1836,0,確定06月配信【27】SHOWROOM>ｱﾊﾞﾀｰ　仕入,,,1,,,,,,,,,,,,
20210731,,21,0,1,,,,,,,,,,,1,0,,3120,,10274,,0,,4447,0,確定06月配信【27】SHOWROOM>ｱﾊﾞﾀｰ　仕入,,,1,,,,,,,,,,,,
20210731,,21,0,1,,,,,,,,,,,1,0,,3120,,10308,,0,,635,0,確定06月配信【27】SHOWROOM>ｱﾊﾞﾀｰ　仕入,,,1,,,,,,,,,,,,
20210731,,21,0,1,000,,5413,,2,,Q5,,56934,0,1,0,,3120,,10009,,0,,883,0,確定05月配信【30】Jorte(ｼﾞｮﾙﾃ)　仕入,,,1,,,,,,,,,,,,
20210731,,21,0,1,,,,,,,,,,,1,0,,3120,,10015,,0,,2231,0,確定05月配信【30】Jorte(ｼﾞｮﾙﾃ)　仕入,,,1,,,,,,,,,,,,
20210731,,21,0,1,,,,,,,,,,,1,0,,3120,,10033,,0,,6027,0,確定05月配信【30】Jorte(ｼﾞｮﾙﾃ)　仕入,,,1,,,,,,,,,,,,
20210731,,21,0,1,,,,,,,,,,,1,0,,3120,,10062,,0,,7464,0,確定05月配信【30】Jorte(ｼﾞｮﾙﾃ)　仕入,,,1,,,,,,,,,,,,
20210731,,21,0,1,,,,,,,,,,,1,0,,3120,,10064,,0,,1933,0,確定05月配信【30】Jorte(ｼﾞｮﾙﾃ)　仕入,,,1,,,,,,,,,,,,
20210731,,21,0,1,,,,,,,,,,,1,0,,3120,,10118,,0,,5761,0,確定05月配信【30】Jorte(ｼﾞｮﾙﾃ)　仕入,,,1,,,,,,,,,,,,
20210731,,21,0,1,,,,,,,,,,,1,0,,3120,,10153,,0,,15330,0,確定05月配信【30】Jorte(ｼﾞｮﾙﾃ)　仕入,,,1,,,,,,,,,,,,
20210731,,21,0,1,,,,,,,,,,,1,0,,3120,,10180,,0,,1343,0,確定05月配信【30】Jorte(ｼﾞｮﾙﾃ)　仕入,,,1,,,,,,,,,,,,
20210731,,21,0,1,,,,,,,,,,,1,0,,3120,,10223,,0,,789,0,確定05月配信【30】Jorte(ｼﾞｮﾙﾃ)　仕入,,,1,,,,,,,,,,,,
20210731,,21,0,1,,,,,,,,,,,1,0,,3120,,10274,,0,,2240,0,確定05月配信【30】Jorte(ｼﾞｮﾙﾃ)　仕入,,,1,,,,,,,,,,,,
20210731,,21,0,1,,,,,,,,,,,1,0,,3120,,10281,,0,,12933,0,確定05月配信【30】Jorte(ｼﾞｮﾙﾃ)　仕入,,,1,,,,,,,,,,,,
20210731,,21,0,1,000,,5413,,2,,Q5,,353,0,1,0,,3120,,10150,,0,,353,0,確定05月配信【34】AppPass(有名ｲﾗｽﾄ☆取り放題)　仕入,,,1,,,,,,,,,,,,
20210731,,21,0,1,000,,5413,,2,,Q5,,28079,0,1,0,,3120,,10099,,0,,28079,0,確定05月配信【37】有名ﾍﾟｯﾄ☆取り放題（月額SP）　仕入,,,1,,,,,,,,,,,,
20210731,,21,0,1,000,,5413,,2,,Q5,,126923,0,1,0,,3120,,10009,,0,,10598,0,確定05月配信【39】ﾄﾞｺﾓ ｽｺﾞ得(ｹﾞｰﾑ)　仕入,,,1,,,,,,,,,,,,
20210731,,21,0,1,,,,,,,,,,,1,0,,3120,,10015,,0,,13206,0,確定05月配信【39】ﾄﾞｺﾓ ｽｺﾞ得(ｹﾞｰﾑ)　仕入,,,1,,,,,,,,,,,,
20210731,,21,0,1,,,,,,,,,,,1,0,,3120,,10018,,0,,19753,0,確定05月配信【39】ﾄﾞｺﾓ ｽｺﾞ得(ｹﾞｰﾑ)　仕入,,,1,,,,,,,,,,,,
20210731,,21,0,1,,,,,,,,,,,1,0,,3120,,10019,,0,,11021,0,確定05月配信【39】ﾄﾞｺﾓ ｽｺﾞ得(ｹﾞｰﾑ)　仕入,,,1,,,,,,,,,,,,
20210731,,21,0,1,,,,,,,,,,,1,0,,3120,,10020,,0,,7814,0,確定05月配信【39】ﾄﾞｺﾓ ｽｺﾞ得(ｹﾞｰﾑ)　仕入,,,1,,,,,,,,,,,,
20210731,,21,0,1,,,,,,,,,,,1,0,,3120,,10033,,0,,5291,0,確定05月配信【39】ﾄﾞｺﾓ ｽｺﾞ得(ｹﾞｰﾑ)　仕入,,,1,,,,,,,,,,,,
20210731,,21,0,1,,,,,,,,,,,1,0,,3120,,10153,,0,,3645,0,確定05月配信【39】ﾄﾞｺﾓ ｽｺﾞ得(ｹﾞｰﾑ)　仕入,,,1,,,,,,,,,,,,
20210731,,21,0,1,,,,,,,,,,,1,0,,3120,,10174,,0,,7186,0,確定05月配信【39】ﾄﾞｺﾓ ｽｺﾞ得(ｹﾞｰﾑ)　仕入,,,1,,,,,,,,,,,,
20210731,,21,0,1,,,,,,,,,,,1,0,,3120,,10218,,0,,12190,0,確定05月配信【39】ﾄﾞｺﾓ ｽｺﾞ得(ｹﾞｰﾑ)　仕入,,,1,,,,,,,,,,,,
20210731,,21,0,1,,,,,,,,,,,1,0,,3120,,10229,,0,,3582,0,確定05月配信【39】ﾄﾞｺﾓ ｽｺﾞ得(ｹﾞｰﾑ)　仕入,,,1,,,,,,,,,,,,
20210731,,21,0,1,,,,,,,,,,,1,0,,3120,,10270,,0,,5371,0,確定05月配信【39】ﾄﾞｺﾓ ｽｺﾞ得(ｹﾞｰﾑ)　仕入,,,1,,,,,,,,,,,,
20210731,,21,0,1,,,,,,,,,,,1,0,,3120,,10274,,0,,8742,0,確定05月配信【39】ﾄﾞｺﾓ ｽｺﾞ得(ｹﾞｰﾑ)　仕入,,,1,,,,,,,,,,,,
20210731,,21,0,1,,,,,,,,,,,1,0,,3120,,10282,,0,,6803,0,確定05月配信【39】ﾄﾞｺﾓ ｽｺﾞ得(ｹﾞｰﾑ)　仕入,,,1,,,,,,,,,,,,
20210731,,21,0,1,,,,,,,,,,,1,0,,3120,,10283,,0,,11721,0,確定05月配信【39】ﾄﾞｺﾓ ｽｺﾞ得(ｹﾞｰﾑ)　仕入,,,1,,,,,,,,,,,,
20210731,,21,0,1,000,,5412,,4,,Q5,,43818,0,1,0,,3120,,10043,,0,,8318,0,確定06月配信【206】物販(ﾛﾌﾄﾌﾟﾛﾊﾟｰ）　仕入,,,1,,,,,,,,,,,,
20210731,,21,0,1,,,,,,,,,,,1,0,,3120,,10274,,0,,35500,0,確定06月配信【206】物販(ﾛﾌﾄﾌﾟﾛﾊﾟｰ）　仕入,,,1,,,,,,,,,,,,
20210731,,21,0,1,000,,5411,,1,,Q5,,24527,0,1,0,,3120,,10009,,0,,50,0,確定05月配信【301】MIJｽﾃｯｶｰ(ﾌﾅﾐｽﾞ)　仕入,,,1,,,,,,,,,,,,
20210731,,21,0,1,,,,,,,,,,,1,0,,3120,,10015,,0,,22548,0,確定05月配信【301】MIJｽﾃｯｶｰ(ﾌﾅﾐｽﾞ)　仕入,,,1,,,,,,,,,,,,
20210731,,21,0,1,,,,,,,,,,,1,0,,3120,,10020,,0,,99,0,確定05月配信【301】MIJｽﾃｯｶｰ(ﾌﾅﾐｽﾞ)　仕入,,,1,,,,,,,,,,,,
20210731,,21,0,1,,,,,,,,,,,1,0,,3120,,10033,,0,,36,0,確定05月配信【301】MIJｽﾃｯｶｰ(ﾌﾅﾐｽﾞ)　仕入,,,1,,,,,,,,,,,,
20210731,,21,0,1,,,,,,,,,,,1,0,,3120,,10035,,0,,853,0,確定05月配信【301】MIJｽﾃｯｶｰ(ﾌﾅﾐｽﾞ)　仕入,,,1,,,,,,,,,,,,
20210731,,21,0,1,,,,,,,,,,,1,0,,3120,,10052,,0,,20,0,確定05月配信【301】MIJｽﾃｯｶｰ(ﾌﾅﾐｽﾞ)　仕入,,,1,,,,,,,,,,,,
20210731,,21,0,1,,,,,,,,,,,1,0,,3120,,10064,,0,,230,0,確定05月配信【301】MIJｽﾃｯｶｰ(ﾌﾅﾐｽﾞ)　仕入,,,1,,,,,,,,,,,,
20210731,,21,0,1,,,,,,,,,,,1,0,,3120,,10086,,0,,554,0,確定05月配信【301】MIJｽﾃｯｶｰ(ﾌﾅﾐｽﾞ)　仕入,,,1,,,,,,,,,,,,
20210731,,21,0,1,,,,,,,,,,,1,0,,3120,,10118,,0,,48,0,確定05月配信【301】MIJｽﾃｯｶｰ(ﾌﾅﾐｽﾞ)　仕入,,,1,,,,,,,,,,,,
20210731,,21,0,1,,,,,,,,,,,1,0,,3120,,10227,,0,,89,0,確定05月配信【301】MIJｽﾃｯｶｰ(ﾌﾅﾐｽﾞ)　仕入,,,1,,,,,,,,,,,,
20210731,,21,0,1,000,,5411,,1,,Q5,,-21146,0,1,0,,3120,,10015,,0,,-8180,0,確定3か月ごと（4〜6月分）配信【303】POP BOX(ｽｰﾊﾟｰﾊﾟﾜｰｽﾞ)　仕入,,,1,,,,,,,,,,,,
20210731,,21,0,1,,,,,,,,,,,1,0,,3120,,10043,,0,,-40190,0,確定3か月ごと（4〜6月分）配信【303】POP BOX(ｽｰﾊﾟｰﾊﾟﾜｰｽﾞ)　仕入,,,1,,,,,,,,,,,,
20210731,,21,0,1,,,,,,,,,,,1,0,,3120,,10218,,0,,4223,0,確定3か月ごと（4〜6月分）配信【303】POP BOX(ｽｰﾊﾟｰﾊﾟﾜｰｽﾞ)　仕入,,,1,,,,,,,,,,,,
20210731,,21,0,1,,,,,,,,,,,1,0,,3120,,10219,,0,,706,0,確定3か月ごと（4〜6月分）配信【303】POP BOX(ｽｰﾊﾟｰﾊﾟﾜｰｽﾞ)　仕入,,,1,,,,,,,,,,,,
20210731,,21,0,1,,,,,,,,,,,1,0,,3120,,10229,,0,,2699,0,確定3か月ごと（4〜6月分）配信【303】POP BOX(ｽｰﾊﾟｰﾊﾟﾜｰｽﾞ)　仕入,,,1,,,,,,,,,,,,
20210731,,21,0,1,,,,,,,,,,,1,0,,3120,,10267,,0,,2180,0,確定3か月ごと（4〜6月分）配信【303】POP BOX(ｽｰﾊﾟｰﾊﾟﾜｰｽﾞ)　仕入,,,1,,,,,,,,,,,,
20210731,,21,0,1,,,,,,,,,,,1,0,,3120,,10274,,0,,13613,0,確定3か月ごと（4〜6月分）配信【303】POP BOX(ｽｰﾊﾟｰﾊﾟﾜｰｽﾞ)　仕入,,,1,,,,,,,,,,,,
20210731,,21,0,1,,,,,,,,,,,1,0,,3120,,10282,,0,,780,0,確定3か月ごと（4〜6月分）配信【303】POP BOX(ｽｰﾊﾟｰﾊﾟﾜｰｽﾞ)　仕入,,,1,,,,,,,,,,,,
20210731,,21,0,1,,,,,,,,,,,1,0,,3120,,10317,,0,,3023,0,確定3か月ごと（4〜6月分）配信【303】POP BOX(ｽｰﾊﾟｰﾊﾟﾜｰｽﾞ)　仕入,,,1,,,,,,,,,,,,
20210731,,21,0,1,000,,5411,,1,,Q5,,32761,0,1,0,,3120,,10005,,0,,1167,0,確定06月配信【306】ｽﾀﾝﾌﾟ展開(ｽﾏﾎｺﾞ) 藤家　仕入,,,1,,,,,,,,,,,,
20210731,,21,0,1,,,,,,,,,,,1,0,,3120,,10009,,0,,277,0,確定06月配信【306】ｽﾀﾝﾌﾟ展開(ｽﾏﾎｺﾞ) 藤家　仕入,,,1,,,,,,,,,,,,
20210731,,21,0,1,,,,,,,,,,,1,0,,3120,,10013,,0,,1155,0,確定06月配信【306】ｽﾀﾝﾌﾟ展開(ｽﾏﾎｺﾞ) 藤家　仕入,,,1,,,,,,,,,,,,
20210731,,21,0,1,,,,,,,,,,,1,0,,3120,,10015,,0,,6006,0,確定06月配信【306】ｽﾀﾝﾌﾟ展開(ｽﾏﾎｺﾞ) 藤家　仕入,,,1,,,,,,,,,,,,
20210731,,21,0,1,,,,,,,,,,,1,0,,3120,,10019,,0,,770,0,確定06月配信【306】ｽﾀﾝﾌﾟ展開(ｽﾏﾎｺﾞ) 藤家　仕入,,,1,,,,,,,,,,,,
20210731,,21,0,1,,,,,,,,,,,1,0,,3120,,10020,,0,,682,0,確定06月配信【306】ｽﾀﾝﾌﾟ展開(ｽﾏﾎｺﾞ) 藤家　仕入,,,1,,,,,,,,,,,,
20210731,,21,0,1,,,,,,,,,,,1,0,,3120,,10033,,0,,825,0,確定06月配信【306】ｽﾀﾝﾌﾟ展開(ｽﾏﾎｺﾞ) 藤家　仕入,,,1,,,,,,,,,,,,
20210731,,21,0,1,,,,,,,,,,,1,0,,3120,,10035,,0,,1980,0,確定06月配信【306】ｽﾀﾝﾌﾟ展開(ｽﾏﾎｺﾞ) 藤家　仕入,,,1,,,,,,,,,,,,
20210731,,21,0,1,,,,,,,,,,,1,0,,3120,,10039,,0,,7583,0,確定06月配信【306】ｽﾀﾝﾌﾟ展開(ｽﾏﾎｺﾞ) 藤家　仕入,,,1,,,,,,,,,,,,
20210731,,21,0,1,,,,,,,,,,,1,0,,3120,,10052,,0,,92,0,確定06月配信【306】ｽﾀﾝﾌﾟ展開(ｽﾏﾎｺﾞ) 藤家　仕入,,,1,,,,,,,,,,,,
20210731,,21,0,1,,,,,,,,,,,1,0,,3120,,10060,,0,,462,0,確定06月配信【306】ｽﾀﾝﾌﾟ展開(ｽﾏﾎｺﾞ) 藤家　仕入,,,1,,,,,,,,,,,,
20210731,,21,0,1,,,,,,,,,,,1,0,,3120,,10064,,0,,708,0,確定06月配信【306】ｽﾀﾝﾌﾟ展開(ｽﾏﾎｺﾞ) 藤家　仕入,,,1,,,,,,,,,,,,
20210731,,21,0,1,,,,,,,,,,,1,0,,3120,,10090,,0,,462,0,確定06月配信【306】ｽﾀﾝﾌﾟ展開(ｽﾏﾎｺﾞ) 藤家　仕入,,,1,,,,,,,,,,,,
20210731,,21,0,1,,,,,,,,,,,1,0,,3120,,10118,,0,,616,0,確定06月配信【306】ｽﾀﾝﾌﾟ展開(ｽﾏﾎｺﾞ) 藤家　仕入,,,1,,,,,,,,,,,,
20210731,,21,0,1,,,,,,,,,,,1,0,,3120,,10218,,0,,2310,0,確定06月配信【306】ｽﾀﾝﾌﾟ展開(ｽﾏﾎｺﾞ) 藤家　仕入,,,1,,,,,,,,,,,,
20210731,,21,0,1,,,,,,,,,,,1,0,,3120,,10229,,0,,1847,0,確定06月配信【306】ｽﾀﾝﾌﾟ展開(ｽﾏﾎｺﾞ) 藤家　仕入,,,1,,,,,,,,,,,,
20210731,,21,0,1,,,,,,,,,,,1,0,,3120,,10267,,0,,831,0,確定06月配信【306】ｽﾀﾝﾌﾟ展開(ｽﾏﾎｺﾞ) 藤家　仕入,,,1,,,,,,,,,,,,
20210731,,21,0,1,,,,,,,,,,,1,0,,3120,,10278,,0,,2310,0,確定06月配信【306】ｽﾀﾝﾌﾟ展開(ｽﾏﾎｺﾞ) 藤家　仕入,,,1,,,,,,,,,,,,
20210731,,21,0,1,,,,,,,,,,,1,0,,3120,,10282,,0,,462,0,確定06月配信【306】ｽﾀﾝﾌﾟ展開(ｽﾏﾎｺﾞ) 藤家　仕入,,,1,,,,,,,,,,,,
20210731,,21,0,1,,,,,,,,,,,1,0,,3120,,10308,,0,,1078,0,確定06月配信【306】ｽﾀﾝﾌﾟ展開(ｽﾏﾎｺﾞ) 藤家　仕入,,,1,,,,,,,,,,,,
20210731,,21,0,1,,,,,,,,,,,1,0,,3120,,10315,,0,,308,0,確定06月配信【306】ｽﾀﾝﾌﾟ展開(ｽﾏﾎｺﾞ) 藤家　仕入,,,1,,,,,,,,,,,,
20210731,,21,0,1,,,,,,,,,,,1,0,,3120,,10316,,0,,92,0,確定06月配信【306】ｽﾀﾝﾌﾟ展開(ｽﾏﾎｺﾞ) 藤家　仕入,,,1,,,,,,,,,,,,
20210731,,21,0,1,,,,,,,,,,,1,0,,3120,,10317,,0,,738,0,確定06月配信【306】ｽﾀﾝﾌﾟ展開(ｽﾏﾎｺﾞ) 藤家　仕入,,,1,,,,,,,,,,,,
